tool_name,id,id_tool,timestamp,execution_time,score,label,total_energy,cpu_energy,gpu_energy,ram_energy,emissions_rate,cpu_utilization,gpu_utilization,a2a_request_size_bytes,a2a_response_size_bytes,a2a_total_size_bytes
decide_tool,89b0dd6d-6861-4ecf-b64a-bd5c772701b9,4cec9265,2026-02-07T23:55:27,2.6755279609933496,0,incorrect,9.550250711619296e-05,1.390265980959804e-05,4.9170594891734254e-05,3.2429252414860664e-05,1.180492172345928e-05,,,,,
lookup_sales_data,89b0dd6d-6861-4ecf-b64a-bd5c772701b9,9be01a3d,2026-02-07T23:55:45,2.2637456180527806,0,incorrect,0.0001440345105528,1.2533447641457835e-05,6.803949887768113e-05,6.346156403370616e-05,2.1042472652907945e-05,0.44,4.114285714285714,,,
decide_tool,89b0dd6d-6861-4ecf-b64a-bd5c772701b9,4a332345,2026-02-07T23:55:55,1.188282490707934,0,incorrect,3.925041269277032e-05,5.705607675609315e-06,2.023612729828983e-05,1.3308677718871173e-05,1.0924016878506836e-05,,,,,
analyzing_data,89b0dd6d-6861-4ecf-b64a-bd5c772701b9,f3334a9b,2026-02-07T23:56:23,4.389095813035965,1,clear,0.000310151800527,2.8012275147202177e-05,0.0002167979512179,6.534157416188261e-05,2.3369912058438515e-05,0.9954545454545456,21.363636363636363,,,
decide_tool,89b0dd6d-6861-4ecf-b64a-bd5c772701b9,bc4a6826,2026-02-07T23:56:34,1.1931330398656428,0,incorrect,4.170015883869585e-05,5.709079267447682e-06,2.2673907032810803e-05,1.3317172538437364e-05,1.155863819877857e-05,,,,,
create_visualization,89b0dd6d-6861-4ecf-b64a-bd5c772701b9,43fb09d1,2026-02-07T23:56:49,7.622837939765304,0,not_runnable,0.0005339712495094,3.394631203076198e-05,0.0004208458922363,7.917904524236089e-05,2.3166425036278385e-05,1.3142857142857145,37.10714285714285,,,
decide_tool,89b0dd6d-6861-4ecf-b64a-bd5c772701b9,ceebe273,2026-02-07T23:56:58,1.3367797140963376,0,incorrect,5.834729608697242e-05,6.935506574033449e-06,3.523280596340328e-05,1.617898354953569e-05,1.4435064254648546e-05,,,,,
decide_tool,54b309b2-3331-4bd5-96b6-69fbe5cdd48f,d567ea2d,2026-02-07T23:57:13,1.1884908569045365,0,incorrect,4.130663194877103e-05,5.70607489410236e-06,2.229057338354324e-05,1.330998367112544e-05,1.1494280015257148e-05,,,,,
lookup_sales_data,54b309b2-3331-4bd5-96b6-69fbe5cdd48f,524ba2a2,2026-02-07T23:57:31,1.6956858430057764,0,incorrect,7.151642481821392e-05,9.934109713416568e-06,3.840641961261326e-05,2.317589549218408e-05,1.3948202186499886e-05,0.5411764705882353,1.6176470588235294,,,
decide_tool,54b309b2-3331-4bd5-96b6-69fbe5cdd48f,e0252e6e,2026-02-07T23:57:40,1.186079686973244,0,incorrect,4.117699197722241e-05,5.681007479551468e-06,2.2244462236642448e-05,1.325152226102849e-05,1.148149874101186e-05,,,,,
analyzing_data,54b309b2-3331-4bd5-96b6-69fbe5cdd48f,cd9f7ce4,2026-02-07T23:58:09,4.9715859699063,1,clear,0.0003275334452067,2.453501579153221e-05,0.0002457721410564,5.722628835873265e-05,2.1788058496336307e-05,1.0260869565217392,21.52173913043478,,,
decide_tool,54b309b2-3331-4bd5-96b6-69fbe5cdd48f,7fc4aea9,2026-02-07T23:58:20,1.1907180272974074,0,incorrect,4.163501391000314e-05,5.7249043407347216e-06,2.25558513804458e-05,1.3354258188822618e-05,1.1563987623116084e-05,,,,,
decide_tool,c8f91859-c1c2-40b5-8550-1c31a357b928,f8d98ac3,2026-02-07T23:59:29,1.187589569017291,0,incorrect,3.8901194353902125e-05,5.693460144150597e-06,1.992696039110342e-05,1.3280773818648112e-05,1.083314095203752e-05,,,,,
lookup_sales_data,c8f91859-c1c2-40b5-8550-1c31a357b928,29127a8c,2026-02-07T23:59:46,1.8009151201695204,1,correct,7.375993184653923e-05,1.0806049957802678e-05,3.77433635350144e-05,2.521051835372217e-05,1.3545189813347548e-05,0.3558823529411765,0.9117647058823528,,,
decide_tool,c8f91859-c1c2-40b5-8550-1c31a357b928,31a1f025,2026-02-07T23:59:56,1.1853008111938834,0,incorrect,4.102338805700042e-05,5.682849398593076e-06,2.2083906557668342e-05,1.3256632100739e-05,1.1446185409904222e-05,,,,,
analyzing_data,c8f91859-c1c2-40b5-8550-1c31a357b928,a71cd565,2026-02-08T00:00:23,3.776590305846185,0,NOT_PARSABLE,0.0002297354251209,1.884936811993831e-05,0.0001669218002007,4.396425680024549e-05,2.0118052044862543e-05,0.8428571428571429,15.476190476190476,,,
decide_tool,c8f91859-c1c2-40b5-8550-1c31a357b928,2e613e2f,2026-02-08T00:00:35,1.1940151769667864,0,incorrect,4.126719827040925e-05,5.747113472446111e-06,2.211418436104396e-05,1.3405900436919184e-05,1.143017738875261e-05,,,,,
decide_tool,6b81bf06-1902-4f1a-9be2-b5d6c386e1da,b325864c,2026-02-08T00:02:59,1.1915759090334177,0,incorrect,4.1078850672775184e-05,5.702809989452362e-06,2.207362877726382e-05,1.3302411906059004e-05,1.1401300776397166e-05,,,,,
lookup_sales_data,6b81bf06-1902-4f1a-9be2-b5d6c386e1da,89ccdcb7,2026-02-08T00:03:16,1.8334012441337109,0,incorrect,7.657421162318628e-05,1.1073647017903604e-05,3.966558728762948e-05,2.5834977317653184e-05,1.3812835679383882e-05,0.4117647058823529,2.323529411764706,,,
decide_tool,6b81bf06-1902-4f1a-9be2-b5d6c386e1da,9a31f4a0,2026-02-08T00:03:26,1.1910778558813035,0,incorrect,4.132549657472661e-05,5.690942875420054e-06,2.236001788702424e-05,1.3274535812282317e-05,1.1474552657255031e-05,,,,,
analyzing_data,6b81bf06-1902-4f1a-9be2-b5d6c386e1da,4f2c582d,2026-02-08T00:03:53,3.78428897401318,0,NOT_PARSABLE,0.0002388056426175,1.8847019697314883e-05,0.0001759973630228,4.396125989733264e-05,2.086979220073325e-05,0.8952380952380953,20.38095238095238,,,
decide_tool,6b81bf06-1902-4f1a-9be2-b5d6c386e1da,dfdb791c,2026-02-08T00:04:04,1.190388998016715,0,incorrect,4.139702421727205e-05,5.724834142408023e-06,2.2318351192041064e-05,1.3353838882822955e-05,1.1501064843423171e-05,,,,,
decide_tool,1d02e3f6-4411-4491-8842-00c6ec23ae1d,f3bd5f85,2026-02-08T00:04:59,1.189249824732542,0,incorrect,4.100145434198984e-05,5.70482382415915e-06,2.1989462034355256e-05,1.3307168483475432e-05,1.1402077759501683e-05,,,,,
lookup_sales_data,1d02e3f6-4411-4491-8842-00c6ec23ae1d,9f72fcc1,2026-02-08T00:05:17,2.292092229705304,0,incorrect,0.0001472335452328,1.2539478287875842e-05,7.069450099805863e-05,6.399956594686956e-05,2.1243815140267263e-05,0.4314285714285714,3.5428571428571427,,,
decide_tool,1d02e3f6-4411-4491-8842-00c6ec23ae1d,9e717e6a,2026-02-08T00:05:27,1.1899189027026296,0,incorrect,3.9338393382258295e-05,5.71395979107668e-06,2.029584958052056e-05,1.3328584010661064e-05,1.0933446601314297e-05,,,,,
analyzing_data,1d02e3f6-4411-4491-8842-00c6ec23ae1d,711904e0,2026-02-08T00:05:54,3.344591825734824,0,unclear,0.0002094395597587,1.6624035237195003e-05,0.0001380053881874,5.481013633414276e-05,2.070968175887351e-05,0.74,12.85,,,
decide_tool,1d02e3f6-4411-4491-8842-00c6ec23ae1d,b0225cbc,2026-02-08T00:06:05,1.192325663752854,0,incorrect,4.1374709960611365e-05,5.736195826234265e-06,2.225807336486696e-05,1.3380440769510138e-05,1.1476194587378911e-05,,,,,
decide_tool,2efd2849-00ea-4080-893f-1acc6911758c,4b5ac88b,2026-02-08T00:06:41,1.1865029828622935,0,incorrect,4.126594173693105e-05,5.690290878495967e-06,2.2302240061833345e-05,1.327341079660174e-05,1.1502195878540233e-05,,,,,
lookup_sales_data,2efd2849-00ea-4080-893f-1acc6911758c,950e4fbb,2026-02-08T00:06:58,1.8128116549924016,0,incorrect,8.581625433611226e-05,1.0912302905960283e-05,4.94450395578383e-05,2.545891187231367e-05,1.565577975150945e-05,0.4117647058823529,1.7647058823529411,,,
decide_tool,2efd2849-00ea-4080-893f-1acc6911758c,b60abd90,2026-02-08T00:07:08,1.1892037512734532,0,incorrect,4.137815761992349e-05,5.69574204056867e-06,2.239640680556932e-05,1.32860087737855e-05,1.1507280831473892e-05,,,,,
analyzing_data,2efd2849-00ea-4080-893f-1acc6911758c,ba4e0841,2026-02-08T00:07:35,3.807335938792676,0,NOT_PARSABLE,0.0002463109196057,1.905550355609585e-05,0.0001828104240289,4.444499202072621e-05,2.139539458028404e-05,0.9333333333333332,18.571428571428573,,,
decide_tool,2efd2849-00ea-4080-893f-1acc6911758c,95fb0771,2026-02-08T00:07:47,1.1896178470924497,0,incorrect,3.967631068079379e-05,5.715755076603814e-06,2.0628905396335995e-05,1.3331650207853982e-05,1.1030155732617407e-05,,,,,
decide_tool,27ea108d-8222-4b22-99f7-06c746b8ab78,4fff47a9,2026-02-08T00:10:01,1.192011869046837,0,incorrect,4.1150136335191845e-05,5.716096466251959e-06,2.2100573232819443e-05,1.3333466636120446e-05,1.141690879251408e-05,,,,,
lookup_sales_data,27ea108d-8222-4b22-99f7-06c746b8ab78,884fd7b2,2026-02-08T00:10:19,2.3152858619578183,0,incorrect,0.0001399516117584,1.2541082763434709e-05,6.297616148742691e-05,6.443436750754093e-05,1.9990843419385344e-05,0.4228571428571429,2.2285714285714286,,,
decide_tool,27ea108d-8222-4b22-99f7-06c746b8ab78,622f226e,2026-02-08T00:10:28,1.1922073932364583,0,incorrect,4.108902607224137e-05,5.684880327064088e-06,2.2143628818582783e-05,1.3260516926594494e-05,1.1398084428641307e-05,,,,,
analyzing_data,27ea108d-8222-4b22-99f7-06c746b8ab78,a47a228f,2026-02-08T00:10:56,3.80639818822965,1,clear,0.0002447534108151,1.9077533888429167e-05,0.0001811768116084,4.449906531824834e-05,2.126534180482184e-05,0.9,21.857142857142858,,,
decide_tool,27ea108d-8222-4b22-99f7-06c746b8ab78,e1c25a2b,2026-02-08T00:11:06,1.1899480018764734,0,incorrect,3.934246223760485e-05,5.71402128941069e-06,2.029973845907307e-05,1.3328702489121094e-05,1.0934310075548056e-05,,,,,
decide_tool,354faf80-44e0-49ae-8188-e2cd1c4e4720,2aaa997e,2026-02-08T00:14:04,1.1871001468971372,0,incorrect,4.096858202228304e-05,5.695307329079783e-06,2.198835092315221e-05,1.3284923770051036e-05,1.1413567376484735e-05,,,,,
lookup_sales_data,354faf80-44e0-49ae-8188-e2cd1c4e4720,19ede3c1,2026-02-08T00:14:22,2.2509574168361723,0,incorrect,0.0001521619363822,1.2570690125837055e-05,7.629256104024762e-05,6.329868521618969e-05,2.235612761933273e-05,0.46,3.4,,,
decide_tool,354faf80-44e0-49ae-8188-e2cd1c4e4720,0710c23b,2026-02-08T00:14:32,1.1953006549738348,0,incorrect,4.138842422245766e-05,5.7093339933392906e-06,2.236112900533272e-05,1.3317961223785664e-05,1.145142590280132e-05,,,,,
analyzing_data,354faf80-44e0-49ae-8188-e2cd1c4e4720,74da3042,2026-02-08T00:15:00,4.913676097989082,0,NOT_PARSABLE,0.0003142973936475,2.409504533157036e-05,0.0002339990760873,5.620327222859488e-05,2.1153979904140542e-05,0.9739130434782608,20.26086956521739,,,
decide_tool,354faf80-44e0-49ae-8188-e2cd1c4e4720,a07883c6,2026-02-08T00:15:12,1.1915148720145226,0,incorrect,4.139828537271594e-05,5.732688125378141e-06,2.229335115799813e-05,1.3372246089339671e-05,1.1490547422833175e-05,,,,,
decide_tool,841c0dd9-9212-4aa8-823d-09a1176d2b0a,ca753658,2026-02-08T00:15:27,1.190807420294732,0,incorrect,4.146530352123981e-05,5.7245393120224975e-06,2.2387517908839527e-05,1.335324630037778e-05,1.1515986561910456e-05,,,,,
lookup_sales_data,841c0dd9-9212-4aa8-823d-09a1176d2b0a,12b12c31,2026-02-08T00:15:44,1.7932408479973674,0,incorrect,8.781119674737934e-05,1.0725601447729463e-05,5.2063097200516495e-05,2.5022498099133376e-05,1.6194558248174834e-05,0.4264705882352941,2.3529411764705883,,,
decide_tool,841c0dd9-9212-4aa8-823d-09a1176d2b0a,685780f3,2026-02-08T00:15:53,1.1873836792074144,0,incorrect,4.1153541307248805e-05,5.68774565765149e-06,2.219835109684709e-05,1.3267444552750225e-05,1.1462358050209691e-05,,,,,
analyzing_data,841c0dd9-9212-4aa8-823d-09a1176d2b0a,e9edf10d,2026-02-08T00:16:21,3.892253131140024,0,unclear,0.0002401843966562,1.9732071350255325e-05,0.0001744309728834,4.602135242247541e-05,2.040805174202259e-05,0.8523809523809524,15.19047619047619,,,
decide_tool,841c0dd9-9212-4aa8-823d-09a1176d2b0a,c44057f0,2026-02-08T00:16:32,1.1888231532648206,0,incorrect,4.17372969517998e-05,5.706739824484538e-06,2.2718907061403115e-05,1.331165006591214e-05,1.1610873606724352e-05,,,,,
create_visualization,841c0dd9-9212-4aa8-823d-09a1176d2b0a,76c1aecb,2026-02-08T00:16:48,7.570552938617766,0,not_runnable,0.0005411787686767,3.3591463917696966e-05,0.0004292403433936,7.834696136544356e-05,2.3641279767858893e-05,1.3285714285714283,36.32142857142857,,,
decide_tool,841c0dd9-9212-4aa8-823d-09a1176d2b0a,99ae172a,2026-02-08T00:16:57,1.3353891680017114,0,incorrect,5.6591696660723305e-05,6.925187407371898e-06,3.3511693480647864e-05,1.615481577270354e-05,1.4015309682530767e-05,,,,,
decide_tool,eef02d52-7085-4b67-a112-7ace4b0a1c00,3579a97c,2026-02-08T00:17:25,1.1911051077768209,0,incorrect,4.1488689975149857e-05,5.712012356768051e-06,2.2452517974613784e-05,1.3324159643768025e-05,1.1519601823227632e-05,,,,,
lookup_sales_data,eef02d52-7085-4b67-a112-7ace4b0a1c00,39d1be52,2026-02-08T00:17:42,1.7724659251980484,0,incorrect,7.890266909027827e-05,1.0565885579867076e-05,4.36864238366752e-05,2.4650359673736e-05,1.4722163368688144e-05,0.4235294117647059,0.8823529411764706,,,
decide_tool,eef02d52-7085-4b67-a112-7ace4b0a1c00,394dee5c,2026-02-08T00:17:52,1.194493000861257,0,incorrect,4.144778048162002e-05,5.750918677976094e-06,2.2281962273495992e-05,1.3414899530147928e-05,1.1475602666099311e-05,,,,,
analyzing_data,eef02d52-7085-4b67-a112-7ace4b0a1c00,74a14000,2026-02-08T00:18:20,4.485085991676897,1,clear,0.0003095060385426,2.8860108186752896e-05,0.0002133273928919,6.731853746395146e-05,2.2822130555510585e-05,0.9590909090909092,21.227272727272727,,,
decide_tool,eef02d52-7085-4b67-a112-7ace4b0a1c00,b69333c7,2026-02-08T00:18:31,1.1883114692755044,0,incorrect,4.182058940412693e-05,5.706824560184032e-06,2.280029602275136e-05,1.331346882119154e-05,1.1639054275043303e-05,,,,,
decide_tool,59c9f49b-cd6f-4a59-a3a9-01e458101d83,2d972472,2026-02-08T00:19:41,1.1896361652761698,0,incorrect,4.1037972024966336e-05,5.697000597249895e-06,2.205196208393545e-05,1.3289009343780992e-05,1.1408526764989636e-05,,,,,
lookup_sales_data,59c9f49b-cd6f-4a59-a3a9-01e458101d83,83a4c070,2026-02-08T00:19:59,1.7771220239810646,0,incorrect,7.564429571326844e-05,1.058420555412987e-05,4.036725451328493e-05,2.4692835645853648e-05,1.40772157747831e-05,0.3617647058823529,1.8823529411764703,,,
decide_tool,59c9f49b-cd6f-4a59-a3a9-01e458101d83,8f4c35c6,2026-02-08T00:20:08,1.194416853133589,0,incorrect,4.119965364368182e-05,5.719462228181235e-06,2.213723993804706e-05,1.3342951477453528e-05,1.14076312787988e-05,,,,,
analyzing_data,59c9f49b-cd6f-4a59-a3a9-01e458101d83,4ae7c5c1,2026-02-08T00:20:36,3.7510493700392544,1,clear,0.0002320649556558,1.864973930679993e-05,0.0001699184692682,4.349674708080582e-05,2.046042331983509e-05,0.8619047619047618,15.38095238095238,,,
decide_tool,59c9f49b-cd6f-4a59-a3a9-01e458101d83,bccddcb5,2026-02-08T00:20:47,1.1922999629750848,0,incorrect,4.128343618795985e-05,5.714020906219677e-06,2.224057334387908e-05,1.3328841937861096e-05,1.1451124610573365e-05,,,,,
decide_tool,311beb91-3871-42ac-ab9f-9ef1c963f580,04720272,2026-02-08T00:21:06,1.1885059587657452,0,incorrect,4.138993399208033e-05,5.706500410393291e-06,2.237224011736316e-05,1.331119346432388e-05,1.1517313892315796e-05,,,,,
lookup_sales_data,311beb91-3871-42ac-ab9f-9ef1c963f580,4abe77d3,2026-02-08T00:21:23,1.6975888102315366,0,incorrect,7.967918584922573e-05,9.950294926036602e-06,4.651503720509709e-05,2.3213853718092045e-05,1.5522805538574526e-05,0.4205882352941176,2.9411764705882355,,,
decide_tool,311beb91-3871-42ac-ab9f-9ef1c963f580,72edeb7f,2026-02-08T00:21:33,1.186812319792807,0,incorrect,4.1190048995061565e-05,5.686919449362904e-06,2.223751778274164e-05,1.3265611762957028e-05,1.147804955877686e-05,,,,,
analyzing_data,311beb91-3871-42ac-ab9f-9ef1c963f580,4405f101,2026-02-08T00:22:00,3.8303075740113854,0,unclear,0.0002400756560899,1.923197397585921e-05,0.0001759862518966,4.485743021747719e-05,2.072871154511781e-05,0.8476190476190476,15.047619047619047,,,
decide_tool,311beb91-3871-42ac-ab9f-9ef1c963f580,06e3042d,2026-02-08T00:22:12,1.1942780748941004,0,incorrect,4.182640160987856e-05,5.745256777542332e-06,2.26794625817206e-05,1.3401682250615624e-05,1.1582515143169148e-05,,,,,
decide_tool,ff33743d-2838-41b3-bb8e-b51f92400056,f997dbaa,2026-02-08T00:22:36,1.190155846066773,0,incorrect,4.128319968758105e-05,5.722605597715958e-06,2.2211962210860747e-05,1.334863187900434e-05,1.1471688585489191e-05,,,,,
lookup_sales_data,ff33743d-2838-41b3-bb8e-b51f92400056,5ff6753f,2026-02-08T00:22:54,2.292340417858213,0,incorrect,0.0001613036792906,2.742391307296464e-05,6.98967225787328e-05,6.39830436389376e-05,2.3271425915651165e-05,0.4685714285714286,2.257142857142857,,,
decide_tool,ff33743d-2838-41b3-bb8e-b51f92400056,8bec22b9,2026-02-08T00:23:04,1.1868115277029574,0,incorrect,4.1418729591118656e-05,5.694549375830185e-06,2.2440851282112817e-05,1.3283328933175654e-05,1.154178156613253e-05,,,,,
analyzing_data,ff33743d-2838-41b3-bb8e-b51f92400056,4f3ec37e,2026-02-08T00:23:31,3.8914031819440416,0,NOT_PARSABLE,0.0002444826319588,1.9729309757462814e-05,0.0001787362540994,4.6017068101921024e-05,2.077780258065612e-05,0.8904761904761904,17.952380952380953,,,
decide_tool,ff33743d-2838-41b3-bb8e-b51f92400056,1d07ce8c,2026-02-08T00:23:43,1.194222274236381,0,incorrect,4.135983220611088e-05,5.722216463847197e-06,2.2289740051917303e-05,1.3347875690346378e-05,1.1453848485858258e-05,,,,,
create_visualization,ff33743d-2838-41b3-bb8e-b51f92400056,2fa86cc4,2026-02-08T00:23:58,7.461225654929876,0,not_runnable,0.0005437601440552,3.310955320207845e-05,0.0004151436654495,9.550692540360616e-05,2.4102108103760705e-05,1.342857142857143,34.964285714285715,,,
decide_tool,ff33743d-2838-41b3-bb8e-b51f92400056,c7d6fe04,2026-02-08T00:24:07,1.3415687452070415,0,incorrect,5.8545315486310303e-05,6.930700577019403e-06,3.5446972795227794e-05,1.6167642114063106e-05,1.4432349975485958e-05,,,,,
decide_tool,6b336f0b-1826-4a71-bf28-037a57a1eeca,ec1bb2bb,2026-02-08T00:25:15,1.1878782445564866,0,incorrect,3.977448478752215e-05,5.696659706735372e-06,2.078973885488722e-05,1.3288086225899558e-05,1.1073641697067244e-05,,,,,
lookup_sales_data,6b336f0b-1826-4a71-bf28-037a57a1eeca,7c759508,2026-02-08T00:25:33,1.8045654376037417,0,incorrect,7.689082584632124e-05,1.083434432133106e-05,4.078003262009133e-05,2.527644890489885e-05,1.4091581060097623e-05,0.3941176470588235,2.323529411764706,,,
decide_tool,6b336f0b-1826-4a71-bf28-037a57a1eeca,df6acb62,2026-02-08T00:25:42,1.1863686931319537,0,incorrect,4.148047163463136e-05,5.689038716567059e-06,2.2520851352680893e-05,1.3270581565383407e-05,1.156330127175414e-05,,,,,
analyzing_data,6b336f0b-1826-4a71-bf28-037a57a1eeca,3eda00e2,2026-02-08T00:26:10,4.428776349872351,1,clear,0.0003229165271303,2.831230061933219e-05,0.0002285654606311,6.603876587986533e-05,2.4113727942608065e-05,1.0136363636363637,21.59090909090909,,,
decide_tool,6b336f0b-1826-4a71-bf28-037a57a1eeca,cf2aa5f2,2026-02-08T00:26:22,1.1932268748059869,0,incorrect,4.169469449969382e-05,5.7156939422594e-06,2.264640700389009e-05,1.3332593553544331e-05,1.1556214720517251e-05,,,,,
decide_tool,86680064-7fe3-4158-8e79-678a8e52a595,0d3cd07c,2026-02-08T00:27:51,1.1884151683188977,0,incorrect,4.083774839599149e-05,5.66291498641173e-06,2.196529536035996e-05,1.32095380492198e-05,1.136452885663724e-05,,,,,
lookup_sales_data,86680064-7fe3-4158-8e79-678a8e52a595,f6f9f6d5,2026-02-08T00:28:08,1.751376819331199,0,incorrect,6.621587273868482e-05,1.0395031153158954e-05,3.156919191837915e-05,2.425164966714672e-05,1.2503751767569291e-05,0.3676470588235294,1.588235294117647,,,
decide_tool,86680064-7fe3-4158-8e79-678a8e52a595,5bc1728d,2026-02-08T00:28:18,1.1880829809233546,0,incorrect,3.935255945545568e-05,5.681438927138461e-06,2.0418627450169424e-05,1.3252493078147788e-05,1.0954285152603314e-05,,,,,
analyzing_data,86680064-7fe3-4158-8e79-678a8e52a595,d3006665,2026-02-08T00:28:46,4.367352307308465,0,unclear,0.0003079241316881,2.0729141454996843e-05,0.0002222676778131,6.492731242000851e-05,2.331757225384401e-05,0.9772727272727272,21.5,,,
decide_tool,86680064-7fe3-4158-8e79-678a8e52a595,3a4a977b,2026-02-08T00:28:57,1.1911351182498038,0,incorrect,4.179918328495572e-05,5.711833352368229e-06,2.2763629324629164e-05,1.3323720607958322e-05,1.1605519882535176e-05,,,,,
decide_tool,df166e29-7c66-41c7-8a7b-0c9beb5d0c52,e37c713a,2026-02-08T00:29:59,1.1914443001151085,0,incorrect,3.95893434536123e-05,5.704829177845716e-06,2.057723868631456e-05,1.3307275589452022e-05,1.0989106655700828e-05,,,,,
lookup_sales_data,df166e29-7c66-41c7-8a7b-0c9beb5d0c52,a4a46ad1,2026-02-08T00:30:17,1.81071131117642,0,incorrect,7.618267804129807e-05,1.0892837893863806e-05,3.987725413168164e-05,2.5412586015752624e-05,1.3914411845195155e-05,0.4470588235294118,2.3823529411764706,,,
decide_tool,df166e29-7c66-41c7-8a7b-0c9beb5d0c52,91dced85,2026-02-08T00:30:26,1.200533747673035,0,incorrect,4.1385163844293e-05,5.713305024764392e-06,2.2344740102653304e-05,1.33271187168753e-05,1.1400611305417876e-05,,,,,
analyzing_data,df166e29-7c66-41c7-8a7b-0c9beb5d0c52,c196226c,2026-02-08T00:30:54,4.390892582945526,0,NOT_PARSABLE,0.0003007310836561,2.8116124901133703e-05,0.0002070287767352,6.558618201977678e-05,2.2650789252032045e-05,0.9454545454545454,18.181818181818183,,,
decide_tool,df166e29-7c66-41c7-8a7b-0c9beb5d0c52,3437061b,2026-02-08T00:31:06,1.2024367349222302,0,incorrect,4.217022152602274e-05,5.817577458190905e-06,2.2782240449714664e-05,1.3570403618117177e-05,1.159849072936482e-05,,,,,
decide_tool,7b4ec248-d9de-436e-83bc-cf7140a3d7c6,da32940d,2026-02-08T00:31:33,1.1907144812867043,0,incorrect,3.944588622649437e-05,5.725511233322322e-06,2.036501629021359e-05,1.3355358702958458e-05,1.0955997265571704e-05,,,,,
lookup_sales_data,7b4ec248-d9de-436e-83bc-cf7140a3d7c6,82572c95,2026-02-08T00:31:51,2.301662559621036,0,incorrect,0.0001631259237622,2.7511661557158502e-05,7.142700158624393e-05,6.418726061884728e-05,2.3439004570542367e-05,0.4714285714285714,3.085714285714286,,,
decide_tool,7b4ec248-d9de-436e-83bc-cf7140a3d7c6,4c39d1ac,2026-02-08T00:32:01,1.186556345783174,0,incorrect,4.144833568435798e-05,5.685135714425143e-06,2.250196244801828e-05,1.326123752191456e-05,1.1552515588134058e-05,,,,,
analyzing_data,7b4ec248-d9de-436e-83bc-cf7140a3d7c6,ac1d6e32,2026-02-08T00:32:28,3.890735208056867,1,clear,0.0002486253524732,1.980774161242424e-05,0.0001826143127559,4.620329810487521e-05,2.113350688809725e-05,0.8904761904761904,19.23809523809524,,,
decide_tool,7b4ec248-d9de-436e-83bc-cf7140a3d7c6,7377b843,2026-02-08T00:32:40,1.1932431878522038,0,incorrect,4.1551938288094427e-05,5.708427764928871e-06,2.252779579947628e-05,1.3315714723689275e-05,1.151649057515014e-05,,,,,
decide_tool,53400972-2de3-4a22-a625-d1b7ee3ebfe3,d6bf8630,2026-02-08T00:33:29,1.1917274980805814,0,incorrect,4.143017072428054e-05,5.713867739335205e-06,2.2388073467993763e-05,1.3328229516951577e-05,1.149734584765463e-05,,,,,
lookup_sales_data,53400972-2de3-4a22-a625-d1b7ee3ebfe3,38e79914,2026-02-08T00:33:46,1.740487912669778,0,incorrect,7.195823295293204e-05,1.0287576715383504e-05,3.7670030138770016e-05,2.4000626098778512e-05,1.3673110116130374e-05,0.3617647058823529,2.294117647058824,,,
decide_tool,53400972-2de3-4a22-a625-d1b7ee3ebfe3,37fef3f4,2026-02-08T00:33:56,1.1909294398501515,0,incorrect,4.143755824423897e-05,5.7211218365939405e-06,2.237112900616012e-05,1.3345307401484916e-05,1.150710187258663e-05,,,,,
analyzing_data,53400972-2de3-4a22-a625-d1b7ee3ebfe3,72baa20f,2026-02-08T00:34:24,4.335293082054704,0,unclear,0.000311942713842,2.758498446895776e-05,0.0002200154537916,6.434227558137436e-05,2.3796561958738563e-05,1.009090909090909,21.59090909090909,,,
decide_tool,53400972-2de3-4a22-a625-d1b7ee3ebfe3,3fa35514,2026-02-08T00:34:37,1.186525546014309,0,incorrect,4.172631615222397e-05,5.6914288822251056e-06,2.275918487271156e-05,1.3275702397287308e-05,1.1630296432795716e-05,,,,,
decide_tool,fbaa7706-7607-4c50-85e6-d982acc73fc0,8b2eaca7,2026-02-08T00:34:58,1.1897528748959303,0,incorrect,4.165903699816522e-05,5.700755310328914e-06,2.2660851463740528e-05,1.3297430224095784e-05,1.1580046317740007e-05,,,,,
lookup_sales_data,fbaa7706-7607-4c50-85e6-d982acc73fc0,a0e624ff,2026-02-08T00:35:16,1.7711554197594523,0,incorrect,8.714018610214947e-05,1.0564340010955823e-05,5.192948599130887e-05,2.4646360099884787e-05,1.6271202259169706e-05,0.4264705882352941,4.676470588235294,,,
decide_tool,fbaa7706-7607-4c50-85e6-d982acc73fc0,c0019c8e,2026-02-08T00:35:25,1.1916806530207396,0,incorrect,4.163152637458881e-05,5.692273626724879e-06,2.266140700868391e-05,1.3277845739180017e-05,1.1553678499898953e-05,,,,,
analyzing_data,fbaa7706-7607-4c50-85e6-d982acc73fc0,180405d8,2026-02-08T00:35:53,3.907501819543541,0,NOT_PARSABLE,0.0002510584287987,1.981302373328448e-05,0.0001850301480246,4.621525704084585e-05,2.124875311386684e-05,0.9142857142857144,20.95238095238096,,,
decide_tool,fbaa7706-7607-4c50-85e6-d982acc73fc0,6b8e71a6,2026-02-08T00:36:05,1.1900302921421826,0,incorrect,4.1867729082523145e-05,5.710891982092299e-06,2.2835296043410835e-05,1.3321541057020012e-05,1.1635343838003367e-05,,,,,
decide_tool,cdf262ce-4079-497d-af5b-12fcaf494297,77d17158,2026-02-08T00:36:37,1.1873485087417066,0,incorrect,4.114803617504903e-05,5.6977770562904574e-06,2.215946217631881e-05,1.329079694243976e-05,1.1461164205412086e-05,,,,,
lookup_sales_data,cdf262ce-4079-497d-af5b-12fcaf494297,9e31472c,2026-02-08T00:36:55,2.301217158790678,0,incorrect,0.0001509022771623,1.2591491717244825e-05,7.406172591828408e-05,6.424905952687066e-05,2.1686827385217663e-05,0.4542857142857143,2.4,,,
decide_tool,cdf262ce-4079-497d-af5b-12fcaf494297,be5a80c1,2026-02-08T00:37:04,1.189560622908175,0,incorrect,4.1183252830849466e-05,5.68762432434199e-06,2.2228628893117275e-05,1.3266999613390202e-05,1.1449641781530489e-05,,,,,
analyzing_data,cdf262ce-4079-497d-af5b-12fcaf494297,fdb8686c,2026-02-08T00:37:32,3.798986307810992,0,NOT_PARSABLE,0.0002470063474503,1.899694663432676e-05,0.0001836995913961,4.430980941979215e-05,2.1502958578216588e-05,0.9095238095238096,19.38095238095238,,,
decide_tool,cdf262ce-4079-497d-af5b-12fcaf494297,9f5307fc,2026-02-08T00:37:43,1.189504929818213,0,incorrect,4.194689114273581e-05,5.714576775973764e-06,2.2902518317380327e-05,1.3329796049381712e-05,1.16624921824102e-05,,,,,
decide_tool,5d0cb38b-63c3-44bb-8461-0052c2a71b71,abe04666,2026-02-08T00:37:57,1.1915705460123718,0,incorrect,4.169036041614988e-05,5.731368361230294e-06,2.2589740297007666e-05,1.3369251757911924e-05,1.157107538638766e-05,,,,,
lookup_sales_data,5d0cb38b-63c3-44bb-8461-0052c2a71b71,195e4827,2026-02-08T00:38:15,2.261363451834768,0,incorrect,0.0001534139372171,2.717611572728157e-05,6.283393915396118e-05,6.34038823359232e-05,2.243635380567471e-05,0.42,2.3714285714285714,,,
decide_tool,5d0cb38b-63c3-44bb-8461-0052c2a71b71,58e2591a,2026-02-08T00:38:25,1.1880829958245158,0,incorrect,4.151920703763684e-05,5.703151451113323e-06,2.251279578757704e-05,1.330325979894648e-05,1.1557398903385468e-05,,,,,
analyzing_data,5d0cb38b-63c3-44bb-8461-0052c2a71b71,d410bde5,2026-02-08T00:38:53,3.925555123947561,0,unclear,0.0002606100409775,2.000445042835337e-05,0.0001939429329382,4.666265761091685e-05,2.195573079746832e-05,0.9095238095238096,20.904761904761905,,,
decide_tool,5d0cb38b-63c3-44bb-8461-0052c2a71b71,c24298d0,2026-02-08T00:39:04,1.1907713660039008,0,incorrect,4.180795745961253e-05,5.725471935390184e-06,2.272696262650697e-05,1.3355522897715372e-05,1.1611501980878874e-05,,,,,
create_visualization,5d0cb38b-63c3-44bb-8461-0052c2a71b71,c41cd8c0,2026-02-08T00:39:20,8.073578991927207,0,not_runnable,0.000580057123401,3.731927331896833e-05,0.0004448495225446,9.788832753741494e-05,2.376087877863801e-05,1.3172413793103448,35.3448275862069,,,
decide_tool,5d0cb38b-63c3-44bb-8461-0052c2a71b71,dd474753,2026-02-08T00:39:29,1.338861167896539,0,incorrect,5.684676584829478e-05,6.960591398334751e-06,3.3648638030570055e-05,1.6237536419389977e-05,1.4041970264439808e-05,,,,,
decide_tool,fbee78f1-a7e8-43bc-a6dc-644c68ff0bc0,13ed761d,2026-02-08T00:39:59,1.190938426181674,0,incorrect,4.1615166007785007e-05,5.722023043280882e-06,2.254585137251297e-05,1.3347291591991156e-05,1.1556335885381162e-05,,,,,
lookup_sales_data,fbee78f1-a7e8-43bc-a6dc-644c68ff0bc0,37862e97,2026-02-08T00:40:17,1.7496496550738811,0,incorrect,7.873183833821051e-05,1.037621691400515e-05,4.4148090871942713e-05,2.4207530552262653e-05,1.4881857082660823e-05,0.4117647058823529,0.8823529411764706,,,
decide_tool,fbee78f1-a7e8-43bc-a6dc-644c68ff0bc0,b107d11b,2026-02-08T00:40:26,1.1865966822952032,0,incorrect,4.140890638261933e-05,5.69083474110812e-06,2.2443629063673143e-05,1.3274442577838071e-05,1.1541133483162834e-05,,,,,
analyzing_data,fbee78f1-a7e8-43bc-a6dc-644c68ff0bc0,2e2b4e90,2026-02-08T00:40:55,4.396919522900134,1,clear,0.0003079389593133,2.080503661740098e-05,0.0002215023994267,6.56315232691769e-05,2.3161887820729075e-05,0.9727272727272728,22.863636363636363,,,
decide_tool,fbee78f1-a7e8-43bc-a6dc-644c68ff0bc0,d075fa54,2026-02-08T00:41:06,1.1940695350058377,0,incorrect,3.9733479117222574e-05,5.7480584890986765e-06,2.057723868631456e-05,1.340818194180934e-05,1.1004867272344716e-05,,,,,
decide_tool,6d5152c1-9928-4eb0-9aab-704e1a67b144,d1bf3b31,2026-02-08T00:56:20,2.696409360971302,0,incorrect,9.675327609625086e-05,1.405226864356091e-05,4.9923095502890646e-05,3.2777911949799294e-05,1.1866911021430936e-05,,,,,
lookup_sales_data,6d5152c1-9928-4eb0-9aab-704e1a67b144,ac19fa66,2026-02-08T00:56:38,2.216224324889481,0,incorrect,0.0001459902861504,2.685009154395496e-05,5.6495600745165575e-05,6.264459386131623e-05,2.1785527264938696e-05,0.4114285714285714,2.2285714285714286,,,
decide_tool,6d5152c1-9928-4eb0-9aab-704e1a67b144,150dc614,2026-02-08T00:56:47,1.1881337529048324,0,incorrect,4.110624280958171e-05,5.70517750158874e-06,2.2093073233975247e-05,1.3307992074017723e-05,1.1441956241258429e-05,,,,,
analyzing_data,6d5152c1-9928-4eb0-9aab-704e1a67b144,bf1eabfd,2026-02-08T00:57:15,3.697160290088505,0,NOT_PARSABLE,0.0002352553626718,1.819149644887614e-05,0.0001746320841533,4.2431782069616025e-05,2.1044038377423645e-05,0.8619047619047618,18.857142857142858,,,
decide_tool,6d5152c1-9928-4eb0-9aab-704e1a67b144,f12de0e7,2026-02-08T00:57:26,1.193078527227044,0,incorrect,3.978935516435808e-05,5.743983319347099e-06,2.0647238741844376e-05,1.3398133103166604e-05,1.102949693666056e-05,,,,,
create_visualization,6d5152c1-9928-4eb0-9aab-704e1a67b144,cdf1ca04,2026-02-08T00:57:41,7.449262958019972,0,not_runnable,0.0005469962939299,3.3088139073410874e-05,0.0004185570015096,9.535115334696864e-05,2.428448577468701e-05,1.3178571428571428,34.0,,,
decide_tool,6d5152c1-9928-4eb0-9aab-704e1a67b144,af41ed4b,2026-02-08T00:57:50,1.337646677158773,0,incorrect,5.641025988314701e-05,6.941218189501844e-06,3.32769710595926e-05,1.6192070634052572e-05,1.3946798243958289e-05,,,,,
decide_tool,bcd9ccae-3c6a-45e6-8869-35752744acad,b0d5e2e1,2026-02-08T00:59:28,1.1949484157375991,0,incorrect,3.930987418811431e-05,5.708485226569137e-06,2.0285571785905177e-05,1.3315817175640002e-05,1.0879534882449342e-05,,,,,
lookup_sales_data,bcd9ccae-3c6a-45e6-8869-35752744acad,6fae38a0,2026-02-08T00:59:46,1.69764255406335,0,incorrect,6.949049013114402e-05,9.951287547125811e-06,3.632280683518729e-05,2.321639574883092e-05,1.3537452781319766e-05,0.3911764705882353,0.0,,,
decide_tool,bcd9ccae-3c6a-45e6-8869-35752744acad,b05ab00e,2026-02-08T00:59:55,1.1873649186454711,0,incorrect,4.137679259069945e-05,5.687558682755934e-06,2.242251793660444e-05,1.3266715971339082e-05,1.1524721572220196e-05,,,,,
analyzing_data,bcd9ccae-3c6a-45e6-8869-35752744acad,3631928e,2026-02-08T01:00:23,3.7970908381976174,0,NOT_PARSABLE,0.0002487300338473,1.8944700176725603e-05,0.0001856018151542,4.418351851636544e-05,2.1663821814959203e-05,0.919047619047619,18.904761904761905,,,
decide_tool,bcd9ccae-3c6a-45e6-8869-35752744acad,7e34df1e,2026-02-08T01:00:35,1.1925729257054627,0,incorrect,4.167718392821861e-05,5.741211661463289e-06,2.2543629143001453e-05,1.3392343123753866e-05,1.1557695648858606e-05,,,,,
decide_tool,c0879d57-b820-4db3-b52d-f80e7b54c81c,c7fa8519,2026-02-08T01:00:57,1.1857589418068528,0,incorrect,4.131304075833921e-05,5.685079016257077e-06,2.236668456134793e-05,1.3261277180734197e-05,1.1522549594015186e-05,,,,,
lookup_sales_data,c0879d57-b820-4db3-b52d-f80e7b54c81c,f35cd4f5,2026-02-08T01:01:14,1.6374547621235251,1,correct,6.726918029968394e-05,9.448972366110353e-06,3.577613973249072e-05,2.2044068201082864e-05,1.3586408177469157e-05,0.3970588235294117,0.9411764705882352,,,
decide_tool,c0879d57-b820-4db3-b52d-f80e7b54c81c,d5967a40,2026-02-08T01:01:24,1.1884599947370589,0,incorrect,4.135564408757596e-05,5.686165256580959e-06,2.240557347477079e-05,1.3263905356224213e-05,1.1508217324875903e-05,,,,,
analyzing_data,c0879d57-b820-4db3-b52d-f80e7b54c81c,a2d49674,2026-02-08T01:01:52,4.25182217406109,0,NOT_PARSABLE,0.0002959954971712,2.683709052588033e-05,0.0002065590541349,6.259935251049077e-05,2.302331443461881e-05,0.9409090909090908,21.318181818181817,,,
decide_tool,c0879d57-b820-4db3-b52d-f80e7b54c81c,322aed20,2026-02-08T01:02:04,1.1901300949975848,0,incorrect,4.15356233856752e-05,5.720037868142114e-06,2.2472795762951137e-05,1.3342789754581953e-05,1.154208128388822e-05,,,,,
decide_tool,a164f3dd-8378-4cbb-b9fa-5c78471de79e,032e212f,2026-02-08T01:02:34,1.1880239071324468,0,incorrect,4.156867752429187e-05,5.702859286732347e-06,2.256307361392373e-05,1.3302744623635793e-05,1.157174515676318e-05,,,,,
lookup_sales_data,a164f3dd-8378-4cbb-b9fa-5c78471de79e,13cea0c3,2026-02-08T01:02:52,1.6186159597709775,0,incorrect,6.688875793310294e-05,9.292904732100315e-06,3.591586206397324e-05,2.16799911370294e-05,1.366680966697619e-05,0.388235294117647,1.9705882352941173,,,
decide_tool,a164f3dd-8378-4cbb-b9fa-5c78471de79e,60670703,2026-02-08T01:03:01,1.1922988202422855,0,incorrect,3.955168949925523e-05,5.684803152601626e-06,2.060612759180458e-05,1.3260758754849022e-05,1.0970786371453953e-05,,,,,
analyzing_data,a164f3dd-8378-4cbb-b9fa-5c78471de79e,95b641e5,2026-02-08T01:03:30,4.336627637967467,0,NOT_PARSABLE,0.0002917777470899,2.079501857332029e-05,0.0002066857208973,6.429700761929983e-05,2.2251426919217715e-05,0.9409090909090908,18.27272727272728,,,
decide_tool,a164f3dd-8378-4cbb-b9fa-5c78471de79e,f3087da9,2026-02-08T01:03:41,1.1965906689874828,0,incorrect,4.156098372582544e-05,5.704930094846834e-06,2.254862913986244e-05,1.330742449111616e-05,1.1486773022781543e-05,,,,,
decide_tool,3a4a9bd1-dfbe-4487-b78f-d2129a9da348,9d553c65,2026-02-08T01:04:30,1.1959288418293,0,incorrect,4.131225519906315e-05,5.716007567631701e-06,2.226279558215083e-05,1.3333452049280622e-05,1.1424347283091867e-05,,,,,
lookup_sales_data,3a4a9bd1-dfbe-4487-b78f-d2129a9da348,2e7fa119,2026-02-08T01:04:48,2.2542546559125185,0,incorrect,0.0001587971515326,2.7069674594414026e-05,6.857033263685253e-05,6.315714430141574e-05,2.329686942104897e-05,0.44,2.257142857142857,,,
decide_tool,3a4a9bd1-dfbe-4487-b78f-d2129a9da348,36a6f1b8,2026-02-08T01:04:58,1.1913437098264694,0,incorrect,4.169229483185636e-05,5.724346617126701e-06,2.261501808931144e-05,1.3352930125418225e-05,1.1573815556729872e-05,,,,,
analyzing_data,3a4a9bd1-dfbe-4487-b78f-d2129a9da348,c3049a11,2026-02-08T01:05:25,3.720474089030176,1,clear,0.0002370678116966,1.838271123231521e-05,0.0001758081961966,4.287690426766253e-05,2.107328009079863e-05,0.8904761904761904,18.52380952380953,,,
decide_tool,3a4a9bd1-dfbe-4487-b78f-d2129a9da348,8dd6c786,2026-02-08T01:05:37,1.1942693619057536,0,incorrect,4.1588138528110135e-05,5.724852215023513e-06,2.250974022643959e-05,1.3353546086647031e-05,1.1516619647507063e-05,,,,,
decide_tool,89c55a71-b0a2-4ce5-8cbf-47236788ffda,a254349b,2026-02-08T01:06:44,1.1934547936543822,0,incorrect,4.154475465251968e-05,5.695637905135164e-06,2.2563351386395425e-05,1.3285765360989093e-05,1.151245798519195e-05,,,,,
lookup_sales_data,89c55a71-b0a2-4ce5-8cbf-47236788ffda,0448772b,2026-02-08T01:07:01,1.6747357342392206,0,incorrect,6.97520550243616e-05,9.736757806967944e-06,3.729947429320646e-05,2.2715822924187204e-05,1.3774268776814513e-05,0.4,0.0,,,
decide_tool,89c55a71-b0a2-4ce5-8cbf-47236788ffda,26854d5f,2026-02-08T01:07:11,1.189732972998172,0,incorrect,4.144766259041895e-05,5.69592923537737e-06,2.246529574989609e-05,1.3286437605145493e-05,1.152148287698103e-05,,,,,
analyzing_data,89c55a71-b0a2-4ce5-8cbf-47236788ffda,f9386839,2026-02-08T01:07:40,4.826667310670018,0,NOT_PARSABLE,0.0003256733354361,2.3418007857620043e-05,0.0002476371425572,5.461818502129367e-05,2.2314783103174216e-05,1.0391304347826087,24.17391304347826,,,
decide_tool,89c55a71-b0a2-4ce5-8cbf-47236788ffda,8485b16a,2026-02-08T01:07:51,1.1880282419733703,0,incorrect,4.138438715518264e-05,5.704607345319433e-06,2.23727956765174e-05,1.33069841333458e-05,1.152040100364422e-05,,,,,
decide_tool,d356a2c5-881c-4b7e-b1b9-7a8d0dc27992,6c7bd905,2026-02-08T01:08:45,1.1895621069706976,0,incorrect,4.15686201743874e-05,5.699359026998958e-06,2.257474027800299e-05,1.3294520869385451e-05,1.155676601185792e-05,,,,,
lookup_sales_data,d356a2c5-881c-4b7e-b1b9-7a8d0dc27992,53122346,2026-02-08T01:09:03,2.233161329757422,0,incorrect,0.0001374381946298,1.2534416079175233e-05,6.202866072868574e-05,6.287511782203283e-05,2.0353784675532863e-05,0.4457142857142857,2.5428571428571427,,,
decide_tool,d356a2c5-881c-4b7e-b1b9-7a8d0dc27992,e0c5afe9,2026-02-08T01:09:12,1.1858983752317729,0,incorrect,4.161220739139506e-05,5.676403104815916e-06,2.2694740373196964e-05,1.3241063913382178e-05,1.160462506020194e-05,,,,,
analyzing_data,d356a2c5-881c-4b7e-b1b9-7a8d0dc27992,74898472,2026-02-08T01:09:41,4.833686339203268,0,NOT_PARSABLE,0.0003247232095326,2.3474612204962173e-05,0.0002464940860917,5.475451123590272e-05,2.221737259598864e-05,1.0130434782608695,24.43478260869565,,,
decide_tool,d356a2c5-881c-4b7e-b1b9-7a8d0dc27992,272732ac,2026-02-08T01:09:53,1.1939270868897438,0,incorrect,3.981151309960245e-05,5.7474264836249255e-06,2.0657238749777207e-05,1.3406847866200326e-05,1.1027795695274488e-05,,,,,
decide_tool,5f30704d-bbd1-4016-97a5-59ffe55d1eaf,3d37a57b,2026-02-08T01:10:18,1.1917737727053463,0,incorrect,4.128465661542199e-05,5.716687305054317e-06,2.223307334503488e-05,1.3334895965332789e-05,1.1456519164325354e-05,,,,,
lookup_sales_data,5f30704d-bbd1-4016-97a5-59ffe55d1eaf,eed8f8d5,2026-02-08T01:10:37,2.168080518953502,0,incorrect,0.0001593861475448,2.6411032035927e-05,7.135644596445445e-05,6.161866954450185e-05,2.4312689258050205e-05,0.4428571428571428,4.4,,,
decide_tool,5f30704d-bbd1-4016-97a5-59ffe55d1eaf,37fe12ea,2026-02-08T01:10:46,1.1918395566754043,0,incorrect,3.936441099656249e-05,5.691819478367468e-06,2.0395016328222937e-05,1.327757518997209e-05,1.0923046817036235e-05,,,,,
analyzing_data,5f30704d-bbd1-4016-97a5-59ffe55d1eaf,f5c9677e,2026-02-08T01:11:19,4.5224519348703325,1,clear,0.000294808607317,2.0878602053099417e-05,0.0002252351801885,4.869482507541156e-05,2.566674380669516e-07,0.7875,14.78125,,,
decide_tool,5f30704d-bbd1-4016-97a5-59ffe55d1eaf,f53686a2,2026-02-08T01:11:31,1.1885104281827807,0,incorrect,4.1744228486891136e-05,5.707774626548794e-06,2.272224039501225e-05,1.331421346533009e-05,1.161585748796182e-05,,,,,
decide_tool,b00e71ee-8f98-49c9-9cc6-9580bdb560a2,8ddef0c8,2026-02-08T01:13:53,1.1932884589768946,0,incorrect,4.116247382622266e-05,5.741254742594783e-06,2.202918429361489e-05,1.3392034790012986e-05,1.140811420445012e-05,,,,,
lookup_sales_data,b00e71ee-8f98-49c9-9cc6-9580bdb560a2,2adb350c,2026-02-08T01:14:11,2.160800013691187,0,incorrect,0.0001339718699165,1.2534299112819829e-05,5.997365909138352e-05,6.146391171237662e-05,2.050486328875212e-05,0.4257142857142857,2.3142857142857145,,,
decide_tool,b00e71ee-8f98-49c9-9cc6-9580bdb560a2,f9e9378b,2026-02-08T01:14:21,1.1865320252254603,0,incorrect,4.16180457546998e-05,5.691082032005523e-06,2.2651684787433624e-05,1.3275278935260658e-05,1.1600055087672372e-05,,,,,
analyzing_data,b00e71ee-8f98-49c9-9cc6-9580bdb560a2,f014d214,2026-02-08T01:14:49,3.787367792334408,1,clear,0.0002295257735186,1.8967848564627205e-05,0.0001663142997117,4.424362524231482e-05,2.004249624770429e-05,0.8476190476190476,17.61904761904762,,,
decide_tool,b00e71ee-8f98-49c9-9cc6-9580bdb560a2,9e01817c,2026-02-08T01:15:00,1.1910486668348312,0,incorrect,4.143920738909199e-05,5.7254649233073e-06,2.2358073437089843e-05,1.3355669028694849e-05,1.1506407899960502e-05,,,,,
create_visualization,b00e71ee-8f98-49c9-9cc6-9580bdb560a2,92258cde,2026-02-08T01:15:20,7.543224477209151,0,not_runnable,0.0005356274253052,3.3201804438383605e-05,0.0004249861733214,7.743944754539472e-05,2.795827357094804e-07,1.0675675675675675,26.43243243243243,,,
decide_tool,b00e71ee-8f98-49c9-9cc6-9580bdb560a2,e06ebad0,2026-02-08T01:15:34,1.335269493982196,0,incorrect,5.6295370527661805e-05,6.930151977859512e-06,3.319891544606435e-05,1.6166303103737947e-05,1.6600009295517128e-07,,,,,
decide_tool,0e9ee07d-ded5-4fd7-afc4-6bb796065af0,1d3e0719,2026-02-08T01:16:40,1.1931230928748846,0,incorrect,4.158207320975834e-05,5.708951848323999e-06,2.255612915291749e-05,1.3316992208516848e-05,1.152600278203394e-05,,,,,
lookup_sales_data,0e9ee07d-ded5-4fd7-afc4-6bb796065af0,682851fe,2026-02-08T01:16:58,1.632064719684422,0,incorrect,7.284025057078552e-05,9.377085315638331e-06,4.158669994325237e-05,2.187646531189481e-05,1.4760187937232682e-05,0.3794117647058823,2.264705882352941,,,
decide_tool,0e9ee07d-ded5-4fd7-afc4-6bb796065af0,bb60f4cd,2026-02-08T01:17:08,1.1883348692208529,0,incorrect,4.146255574845122e-05,5.679365531377416e-06,2.2535295805425903e-05,1.32478944116479e-05,1.1539182992254542e-05,,,,,
analyzing_data,0e9ee07d-ded5-4fd7-afc4-6bb796065af0,09a0b3a8,2026-02-08T01:17:50,4.035334546584636,0,NOT_PARSABLE,0.000271143197523,2.0823532927457464e-05,0.0001916534866595,5.866617793605353e-05,2.645597333679528e-07,0.7516129032258064,15.290322580645162,,,
decide_tool,0e9ee07d-ded5-4fd7-afc4-6bb796065af0,58abd6e0,2026-02-08T01:18:01,1.1935778087936342,0,incorrect,4.145612987353439e-05,5.718093858255695e-06,2.2399740139178448e-05,1.3338295876100249e-05,1.148671520072305e-05,,,,,
decide_tool,3dc1871e-e763-492e-b8bc-a63c89423689,b5c6c7ec,2026-02-08T01:20:00,1.191139310132712,0,incorrect,4.091468444071452e-05,5.694433234123168e-06,2.193723977939044e-05,1.3283011427200918e-05,1.135989929453057e-05,,,,,
lookup_sales_data,3dc1871e-e763-492e-b8bc-a63c89423689,1d1085f7,2026-02-08T01:20:17,1.71526533132419,0,incorrect,7.183215947396328e-05,1.0040296091412045e-05,3.836808625123922e-05,2.342377713131201e-05,1.3849861991071863e-05,0.4029411764705882,1.588235294117647,,,
decide_tool,3dc1871e-e763-492e-b8bc-a63c89423689,bbba7212,2026-02-08T01:20:27,1.1874245228245854,0,incorrect,4.130925262951866e-05,5.69799644179977e-06,2.232001785529292e-05,1.329123833242597e-05,1.1505332043026498e-05,,,,,
analyzing_data,3dc1871e-e763-492e-b8bc-a63c89423689,633ca351,2026-02-08T01:20:55,3.7714047064073375,1,clear,0.0002371485888894,1.8797744183061545e-05,0.0001745068062746,4.3844038431739645e-05,2.079578118123638e-05,0.8666666666666667,17.80952380952381,,,
decide_tool,3dc1871e-e763-492e-b8bc-a63c89423689,e165de64,2026-02-08T01:21:06,1.1875501228496432,0,incorrect,4.1419852363838925e-05,5.698568000798861e-06,2.2428629051773896e-05,1.3292655311266167e-05,1.1534915849441106e-05,,,,,
decide_tool,13c14dd2-d0de-4d11-bbed-6eff1a17b83e,1e24aad4,2026-02-08T01:23:39,1.194244415033609,0,incorrect,4.116614252285378e-05,5.747481940730667e-06,2.201196205220413e-05,1.340669852991899e-05,1.139999831817511e-05,,,,,
lookup_sales_data,13c14dd2-d0de-4d11-bbed-6eff1a17b83e,73a78e8c,2026-02-08T01:23:56,1.717528365086764,0,incorrect,8.006231102650504e-05,1.0087795898614945e-05,4.643920381397493e-05,2.353531131391517e-05,1.541636686549052e-05,0.4176470588235294,2.323529411764706,,,
decide_tool,13c14dd2-d0de-4d11-bbed-6eff1a17b83e,eb64d4c8,2026-02-08T01:24:06,1.1919242730364203,0,incorrect,4.0991563465675e-05,5.702088855099819e-06,2.198862870272933e-05,1.3300845907845848e-05,1.1373749316897138e-05,,,,,
analyzing_data,13c14dd2-d0de-4d11-bbed-6eff1a17b83e,aa1d51e3,2026-02-08T01:24:33,3.894524181261658,0,NOT_PARSABLE,0.0002555873711493,1.983628131235568e-05,0.0001894893182523,4.626177158465402e-05,2.1704151849531644e-05,0.9333333333333332,18.52380952380953,,,
decide_tool,13c14dd2-d0de-4d11-bbed-6eff1a17b83e,74860b79,2026-02-08T01:24:45,1.192075430881232,0,incorrect,3.973808987870196e-05,5.727098839885631e-06,2.0651683186656555e-05,1.3359307852159772e-05,1.1024555383034246e-05,,,,,
decide_tool,cff81444-9c9b-426e-9177-a5bee0387d5a,bac99b94,2026-02-08T01:25:14,1.191397997085005,0,incorrect,3.9487521014419206e-05,5.730915816382861e-06,2.0387794087639577e-05,1.3368811110396769e-05,1.096126903587108e-05,,,,,
lookup_sales_data,cff81444-9c9b-426e-9177-a5bee0387d5a,cedcdafb,2026-02-08T01:25:32,2.297331471927464,0,incorrect,0.0001616055944166,2.747308520966013e-05,7.003672269689787e-05,6.409578651008714e-05,2.326433064943949e-05,0.4314285714285714,4.685714285714286,,,
decide_tool,cff81444-9c9b-426e-9177-a5bee0387d5a,61a72300,2026-02-08T01:25:42,1.1957920892164111,0,incorrect,4.142400128298917e-05,5.750626334677319e-06,2.2259184468964577e-05,1.3414190479347275e-05,1.145655919607634e-05,,,,,
analyzing_data,cff81444-9c9b-426e-9177-a5bee0387d5a,f335582f,2026-02-08T01:26:09,3.895275295246393,1,clear,0.0002403327131136,1.9825339034130364e-05,0.0001742629171914,4.624445688807303e-05,2.0404810492476444e-05,0.819047619047619,16.80952380952381,,,
decide_tool,cff81444-9c9b-426e-9177-a5bee0387d5a,33652eec,2026-02-08T01:26:21,1.1907812030985951,0,incorrect,4.189287361082246e-05,5.702431232946486e-06,2.288890720336667e-05,1.3301535174509304e-05,1.163498998705376e-05,,,,,
create_visualization,cff81444-9c9b-426e-9177-a5bee0387d5a,a1743a9c,2026-02-08T01:26:36,7.548700116109103,0,not_runnable,0.0005308036511187,3.335868176256784e-05,0.0004196431134957,7.780185586048498e-05,2.325517230656498e-05,1.3,34.285714285714285,,,
decide_tool,cff81444-9c9b-426e-9177-a5bee0387d5a,ec0466d8,2026-02-08T01:26:45,1.359093276783824,0,incorrect,5.8501771265294585e-05,6.945838438150475e-06,3.535280606570268e-05,1.620312676144143e-05,1.4235659258870065e-05,,,,,
decide_tool,ce12ef9b-a4f5-4854-b53f-28babf32ea54,9da6dd91,2026-02-08T01:27:07,1.1949317697435615,0,incorrect,4.16424165899014e-05,5.707815300767442e-06,2.262001810038328e-05,1.331458318875068e-05,1.152525782516815e-05,,,,,
lookup_sales_data,ce12ef9b-a4f5-4854-b53f-28babf32ea54,ba8b5040,2026-02-08T01:27:25,1.839936891105026,0,incorrect,7.961039457575478e-05,1.1108279899538804e-05,4.258614518448667e-05,2.591596949172931e-05,1.4309507353533246e-05,0.4117647058823529,0.8823529411764706,,,
decide_tool,ce12ef9b-a4f5-4854-b53f-28babf32ea54,2f69bf1e,2026-02-08T01:27:34,1.1847544321790338,0,incorrect,4.122529097743752e-05,5.676331829609568e-06,2.230835118410824e-05,1.3240607963719716e-05,1.1507824247089115e-05,,,,,
analyzing_data,ce12ef9b-a4f5-4854-b53f-28babf32ea54,22d89061,2026-02-08T01:28:02,3.802843954879791,0,NOT_PARSABLE,0.0002305638629442,1.908298799737664e-05,0.000166967078016,4.451379693087398e-05,2.005120918184169e-05,0.8238095238095238,14.714285714285714,,,
decide_tool,ce12ef9b-a4f5-4854-b53f-28babf32ea54,6859b43f,2026-02-08T01:28:13,1.19159181881696,0,incorrect,4.176678154519272e-05,5.727911759944012e-06,2.267779591136332e-05,1.336107387388539e-05,1.159207896608164e-05,,,,,
decide_tool,3b7bcc06-5687-4177-9038-ebc1ef12ca8d,352093a0,2026-02-08T01:28:30,1.187035714276135,0,incorrect,4.067082643795888e-05,5.664361501645195e-06,2.1793628540933696e-05,1.3212836395379986e-05,1.1331229731458556e-05,,,,,
lookup_sales_data,3b7bcc06-5687-4177-9038-ebc1ef12ca8d,7f170295,2026-02-08T01:28:47,1.8039650190621608,1,correct,7.350208171716891e-05,1.0818846816801758e-05,3.744225217161557e-05,2.5240982728751588e-05,1.3475018198510336e-05,0.4,0.0588235294117647,,,
decide_tool,3b7bcc06-5687-4177-9038-ebc1ef12ca8d,e79c8cea,2026-02-08T01:28:57,1.189493412617594,0,incorrect,4.112261849566166e-05,5.707651663882037e-06,2.2100851019501988e-05,1.331411581227763e-05,1.1433430399349714e-05,,,,,
analyzing_data,3b7bcc06-5687-4177-9038-ebc1ef12ca8d,44399658,2026-02-08T01:29:25,4.8676677509211,0,NOT_PARSABLE,0.0003249766183667,2.363290155614073e-05,0.000246221863648,5.51218531624828e-05,2.207948914604224e-05,1.0478260869565217,24.043478260869566,,,
decide_tool,3b7bcc06-5687-4177-9038-ebc1ef12ca8d,8863d54b,2026-02-08T01:29:37,1.1911096670664847,0,incorrect,4.137393018004819e-05,5.692888905054355e-06,2.2401684589112847e-05,1.3279356685880989e-05,1.148769405506086e-05,,,,,
decide_tool,c0269c0d-1239-4299-9e16-55bc831283da,9799e6d6,2026-02-08T01:31:21,1.1875239596702158,0,incorrect,3.920737302798009e-05,5.689657551575493e-06,2.0245849526645543e-05,1.3271865949759057e-05,1.091900831766665e-05,,,,,
lookup_sales_data,c0269c0d-1239-4299-9e16-55bc831283da,26d3b2b6,2026-02-08T01:31:38,1.7383836070075631,0,incorrect,7.383370368099995e-05,1.0290686192208436e-05,3.953475385287675e-05,2.4008263635914777e-05,1.404645943251046e-05,0.3735294117647059,2.588235294117647,,,
decide_tool,c0269c0d-1239-4299-9e16-55bc831283da,5af6758d,2026-02-08T01:31:48,1.1935847839340568,0,incorrect,4.1275674861112245e-05,5.687178865385552e-06,2.2322240084804434e-05,1.3266255910922258e-05,1.1436647670494674e-05,,,,,
analyzing_data,c0269c0d-1239-4299-9e16-55bc831283da,faebd4e4,2026-02-08T01:32:17,5.362000077962875,0,unclear,0.0003643541264895,2.490135516546759e-05,0.0002649579897422,7.449478158184016e-05,2.247267181132732e-05,1.0416666666666667,24.0,,,
decide_tool,c0269c0d-1239-4299-9e16-55bc831283da,454178aa,2026-02-08T01:32:28,1.1856532357633114,0,incorrect,3.966135361848824e-05,5.683629686803711e-06,2.072001657893452e-05,1.3257707352750004e-05,1.1062866570388752e-05,,,,,
decide_tool,c91d1407-7863-4184-b96d-4f8d5550d1fe,9c27462f,2026-02-08T01:33:40,1.1884781839326024,0,incorrect,4.098799618880599e-05,5.70638976447905e-06,2.197085090926976e-05,1.3310755515057184e-05,1.140573576093363e-05,,,,,
lookup_sales_data,c91d1407-7863-4184-b96d-4f8d5550d1fe,685efecf,2026-02-08T01:33:58,2.2755437600426376,1,correct,0.000163845228142,2.730295900537901e-05,7.284339160662512e-05,6.369887753001725e-05,2.381257926661789e-05,0.46,2.3142857142857145,,,
decide_tool,c91d1407-7863-4184-b96d-4f8d5550d1fe,7f03c446,2026-02-08T01:34:07,1.1920779207721353,0,incorrect,4.112168928792999e-05,5.715440769486345e-06,2.20736287701584e-05,1.3332619748285249e-05,1.1408384134081448e-05,,,,,
analyzing_data,c91d1407-7863-4184-b96d-4f8d5550d1fe,86c762c7,2026-02-08T01:34:37,5.893088077194989,1,clear,0.0003936646458438,2.802209114172072e-05,0.0003002846846769,6.535787002519809e-05,2.209231944928756e-05,1.12,26.44,,,
decide_tool,c91d1407-7863-4184-b96d-4f8d5550d1fe,b0654d28,2026-02-08T01:34:48,1.1953552579507232,0,incorrect,4.158832876601915e-05,5.696496391559422e-06,2.260418474975268e-05,1.3287647624707058e-05,1.1506210242819136e-05,,,,,
decide_tool,3819b608-0fd0-43a1-a9d4-87087c451310,726692d5,2026-02-08T01:35:23,1.191297098994255,0,incorrect,4.144539775466759e-05,5.73085726549228e-06,2.234640676590516e-05,1.336813372327015e-05,1.150572688055732e-05,,,,,
lookup_sales_data,3819b608-0fd0-43a1-a9d4-87087c451310,ef79cac7,2026-02-08T01:35:40,1.7313480591401458,0,incorrect,7.222882456133317e-05,1.0199672627798462e-05,3.8233086144146e-05,2.37960657893887e-05,1.3796978761820066e-05,0.3941176470588235,2.3823529411764706,,,
decide_tool,3819b608-0fd0-43a1-a9d4-87087c451310,8774a836,2026-02-08T01:35:50,1.1924773920327425,0,incorrect,4.123441941713929e-05,5.707356062739467e-06,2.2213906660795143e-05,1.3313156693604672e-05,1.1435826634458351e-05,,,,,
analyzing_data,3819b608-0fd0-43a1-a9d4-87087c451310,9074a7fd,2026-02-08T01:36:18,4.904852538835257,0,unclear,0.0003229992901481,2.405072674025787e-05,0.0002428524165054,5.609614690248337e-05,2.1778774875176665e-05,1.017391304347826,20.91304347826087,,,
decide_tool,3819b608-0fd0-43a1-a9d4-87087c451310,d5046a0f,2026-02-08T01:36:30,1.187053716275841,0,incorrect,4.149422832871886e-05,5.694932192595658e-06,2.251501801708855e-05,1.3284278119034652e-05,1.1560461010534754e-05,,,,,
decide_tool,d4b5f35b-5fcf-43ef-b2b2-9a7aa6581e98,f6e9a236,2026-02-08T01:37:24,1.189545040950179,0,incorrect,4.105970661123311e-05,5.697874241469495e-06,2.207085099570349e-05,1.3290981374060115e-05,1.1415443370019076e-05,,,,,
lookup_sales_data,d4b5f35b-5fcf-43ef-b2b2-9a7aa6581e98,62988e7d,2026-02-08T01:37:42,2.270508565939963,0,incorrect,0.0001521410621028,2.722944510605655e-05,6.138116021503492e-05,6.353045678180125e-05,2.2160580467008435e-05,0.4257142857142857,2.2285714285714286,,,
decide_tool,d4b5f35b-5fcf-43ef-b2b2-9a7aa6581e98,faa4897a,2026-02-08T01:37:51,1.187272633891553,0,incorrect,4.128722255225713e-05,5.691387089900415e-06,2.232001785529292e-05,1.32758176070638e-05,1.150066739370714e-05,,,,,
analyzing_data,d4b5f35b-5fcf-43ef-b2b2-9a7aa6581e98,3b9dfa0c,2026-02-08T01:38:20,4.919282800983638,0,NOT_PARSABLE,0.0003252573183295,2.418499667433088e-05,0.0002446601957331,5.641212592211863e-05,2.1866693612695817e-05,1.056521739130435,24.08695652173913,,,
decide_tool,d4b5f35b-5fcf-43ef-b2b2-9a7aa6581e98,b2e1861c,2026-02-08T01:38:31,1.1938722506165504,0,incorrect,4.132049629311688e-05,5.718465065050929e-06,2.2263351141305066e-05,1.3338680086760889e-05,1.144631001014539e-05,,,,,
decide_tool,8d877080-a113-4817-a4f1-b26615752717,eca44897,2026-02-08T01:54:40,2.6865050117485225,0,incorrect,9.540669133734904e-05,1.397583473351176e-05,4.883170573322104e-05,3.259915087061624e-05,1.1744891599948736e-05,,,,,
lookup_sales_data,8d877080-a113-4817-a4f1-b26615752717,7f5513bb,2026-02-08T01:54:58,2.26687542302534,0,incorrect,0.0001436277007782,1.2554558261532436e-05,6.761199853144717e-05,6.346114398523544e-05,2.09540698458747e-05,0.4457142857142857,2.4571428571428573,,,
decide_tool,8d877080-a113-4817-a4f1-b26615752717,f844d492,2026-02-08T01:55:08,1.1909358776174486,0,incorrect,4.080833058703032e-05,5.706980611011e-06,2.1789461875698635e-05,1.331188810032068e-05,1.13323057342779e-05,,,,,
analyzing_data,8d877080-a113-4817-a4f1-b26615752717,f9c6416b,2026-02-08T01:55:35,3.947724547237158,0,unclear,0.0002577843573833,2.024211669836339e-05,0.0001903312633757,4.7210977309279975e-05,2.1595713197565376e-05,0.9238095238095236,19.80952380952381,,,
decide_tool,8d877080-a113-4817-a4f1-b26615752717,bbb46da5,2026-02-08T01:55:47,1.1983766150660813,0,incorrect,4.153416199219239e-05,5.742136872300123e-06,2.2398073468821167e-05,1.3393951651071096e-05,1.1462252194379178e-05,,,,,
create_visualization,8d877080-a113-4817-a4f1-b26615752717,219577e7,2026-02-08T01:56:02,7.612852282356471,0,not_runnable,0.0005307320781021,3.383297042089574e-05,0.0004179917232889,7.890738439228799e-05,2.305609578325425e-05,1.3214285714285714,37.5,,,
decide_tool,8d877080-a113-4817-a4f1-b26615752717,f6a10ac6,2026-02-08T01:56:11,1.334757607895881,0,incorrect,5.8480652243827046e-05,6.926001171420134e-06,3.539808387387211e-05,1.6156567198534806e-05,1.4489974984493722e-05,,,,,
decide_tool,071f5309-2ee4-4845-819e-56100f2c7ad2,54ded494,2026-02-08T01:56:35,1.1919907359406352,0,incorrect,4.134264769201279e-05,5.736631676185522e-06,2.2224462227882213e-05,1.3381553787945047e-05,1.1470523509243138e-05,,,,,
lookup_sales_data,071f5309-2ee4-4845-819e-56100f2c7ad2,efa5bb07,2026-02-08T01:56:52,1.683077109977603,0,incorrect,7.12645964534519e-05,9.781559248181556e-06,3.866253093320893e-05,2.282050627206142e-05,1.4003211540442337e-05,0.4117647058823529,0.9705882352941176,,,
decide_tool,071f5309-2ee4-4845-819e-56100f2c7ad2,dd5192ad,2026-02-08T01:57:02,1.1862649940885603,0,incorrect,4.1360635991281216e-05,5.688935658912367e-06,2.240140680953573e-05,1.3270293522833124e-05,1.1530903197792046e-05,,,,,
analyzing_data,071f5309-2ee4-4845-819e-56100f2c7ad2,36685ac5,2026-02-08T01:57:29,3.3878553742542863,1,clear,0.0002278149211845,1.667335629775659e-05,0.0001552370686326,5.590449625419246e-05,2.223899393016607e-05,0.835,18.35,,,
decide_tool,071f5309-2ee4-4845-819e-56100f2c7ad2,68cb6618,2026-02-08T01:57:40,1.193203232716769,0,incorrect,3.947173945271159e-05,5.740602235753888e-06,2.034057182243032e-05,1.3390565394527384e-05,1.0940311231473595e-05,,,,,
decide_tool,45e5d2a2-ded2-4d27-b49a-426f32b66721,ebdf2455,2026-02-08T01:58:14,1.1902550989761949,0,incorrect,4.107671709656276e-05,5.716047017901542e-06,2.202723985078592e-05,1.3333430227875296e-05,1.141335982213065e-05,,,,,
lookup_sales_data,45e5d2a2-ded2-4d27-b49a-426f32b66721,16902f08,2026-02-08T01:58:32,1.7600615387782454,0,incorrect,7.248526933248617e-05,1.045338212123274e-05,3.7643919007734894e-05,2.438796820351854e-05,1.3620082465833302e-05,0.3941176470588235,1.9705882352941173,,,
decide_tool,45e5d2a2-ded2-4d27-b49a-426f32b66721,59aefff4,2026-02-08T01:58:41,1.186264568939805,0,incorrect,4.130344689060845e-05,5.688572827794627e-06,2.234585120675092e-05,1.32690228560629e-05,1.1514963614715687e-05,,,,,
analyzing_data,45e5d2a2-ded2-4d27-b49a-426f32b66721,e0cb3912,2026-02-08T01:59:09,4.396001801360399,0,unclear,0.0003126434933334,2.81586240295767e-05,0.0002188023972635,6.568247204025587e-05,2.352065251571096e-05,0.968181818181818,21.454545454545453,,,
decide_tool,45e5d2a2-ded2-4d27-b49a-426f32b66721,e4e4292e,2026-02-08T01:59:21,1.1923309420235455,0,incorrect,3.923357979242213e-05,5.716235218028303e-06,2.018362726374789e-05,1.3333717310645927e-05,1.0882256414288404e-05,,,,,
decide_tool,539a9738-e224-4791-b8b6-050163c94d74,a394e9c9,2026-02-08T02:00:54,1.1889258599840105,0,incorrect,4.135227097295621e-05,5.707899034433951e-06,2.232974009075405e-05,1.3314631847768197e-05,1.1502769694838712e-05,,,,,
lookup_sales_data,539a9738-e224-4791-b8b6-050163c94d74,802c2ce0,2026-02-08T02:01:11,1.7455095029436052,0,incorrect,7.215272751553119e-05,1.0349738838876514e-05,3.765725234217143e-05,2.4145736334483245e-05,1.3670624936868304e-05,0.388235294117647,1.3235294117647058,,,
decide_tool,539a9738-e224-4791-b8b6-050163c94d74,6d9fe9fa,2026-02-08T02:01:21,1.189903741236776,0,incorrect,4.116951014908408e-05,5.7180133093654736e-06,2.211335101520717e-05,1.3338145824511432e-05,1.1442520588541854e-05,,,,,
analyzing_data,539a9738-e224-4791-b8b6-050163c94d74,4c038f4b,2026-02-08T02:01:48,3.8636877848766735,0,NOT_PARSABLE,0.0002473855867101,1.9503767577771007e-05,0.0001823904236957,4.549139543669299e-05,2.117533067393817e-05,0.9142857142857144,18.19047619047619,,,
decide_tool,539a9738-e224-4791-b8b6-050163c94d74,7976e4f7,2026-02-08T02:02:00,1.190176489762962,0,incorrect,4.147669885358719e-05,5.714163018284821e-06,2.243335128326862e-05,1.3329184552033744e-05,1.1525257816336612e-05,,,,,
decide_tool,6c9a0100-b2e4-43e3-975f-2a41f19fd6e1,3542be7f,2026-02-08T02:02:36,1.1897340891882775,0,incorrect,4.116703339064367e-05,5.711843135456244e-06,2.2132517699446907e-05,1.332267255574051e-05,1.1443463772796329e-05,,,,,
lookup_sales_data,6c9a0100-b2e4-43e3-975f-2a41f19fd6e1,abd200c9,2026-02-08T02:02:54,2.257711036130786,0,incorrect,0.0001434297398736,1.2538201736895609e-05,6.754283182175413e-05,6.334870631496113e-05,2.1010127493026533e-05,0.4514285714285714,2.4285714285714284,,,
decide_tool,6c9a0100-b2e4-43e3-975f-2a41f19fd6e1,0395cbda,2026-02-08T02:03:04,1.1901421658694744,0,incorrect,4.153640978762873e-05,5.714571335701936e-06,2.2491962432980017e-05,1.3329876018946784e-05,1.1542182745965788e-05,,,,,
analyzing_data,6c9a0100-b2e4-43e3-975f-2a41f19fd6e1,a7ec5d43,2026-02-08T02:03:32,4.207151679787785,1,clear,0.0002887617179966,2.079754675909602e-05,0.0002059765536657,6.198761757178646e-05,2.269913355185184e-05,0.9772727272727272,21.318181818181817,,,
decide_tool,6c9a0100-b2e4-43e3-975f-2a41f19fd6e1,0c22f9ca,2026-02-08T02:03:43,1.2002767091616988,0,incorrect,4.175494672833644e-05,5.758463757593878e-06,2.2564184718021352e-05,1.3432298252721214e-05,1.1504940791316845e-05,,,,,
decide_tool,310548b8-d74c-400e-9f25-1a987cdf2432,d962b1ec,2026-02-08T02:03:55,1.1878133532591164,0,incorrect,4.121180518576971e-05,5.702219317511966e-06,2.220835110477992e-05,1.3301234763477826e-05,1.147443388309356e-05,,,,,
lookup_sales_data,310548b8-d74c-400e-9f25-1a987cdf2432,a3cf3121,2026-02-08T02:04:13,1.7776470030657947,0,incorrect,7.416369807928611e-05,1.0595414531112055e-05,3.884864219827477e-05,2.471964134989928e-05,1.379760428200015e-05,0.4029411764705882,0.2647058823529412,,,
decide_tool,310548b8-d74c-400e-9f25-1a987cdf2432,1e8d34b5,2026-02-08T02:04:22,1.1925046131946146,0,incorrect,3.929711873505919e-05,5.704757458685587e-06,2.028529401343349e-05,1.3307067262940113e-05,1.0898292861949992e-05,,,,,
analyzing_data,310548b8-d74c-400e-9f25-1a987cdf2432,59f1b202,2026-02-08T02:04:50,4.397160354070365,0,NOT_PARSABLE,0.0003002848294119,2.813299086071075e-05,0.0002065276652203,6.56241733309192e-05,2.2584938964424465e-05,0.9272727272727272,24.545454545454547,,,
decide_tool,310548b8-d74c-400e-9f25-1a987cdf2432,bd0bb5ac,2026-02-08T02:05:01,1.1906058681197464,0,incorrect,4.1773834172167005e-05,5.723720471527516e-06,2.269862926596033e-05,1.3351484434679152e-05,1.1603637492202612e-05,,,,,
decide_tool,b059f952-553f-4287-892a-0c7efd0636f2,d6d99224,2026-02-08T02:05:28,1.1946095558814704,0,incorrect,4.130655508792879e-05,5.752451525153434e-06,2.213557326768978e-05,1.3418530295085576e-05,1.143538591191804e-05,,,,,
lookup_sales_data,b059f952-553f-4287-892a-0c7efd0636f2,78bd2efa,2026-02-08T02:05:46,2.254420115146786,0,incorrect,0.0001498671716666,2.7154833138418163e-05,5.93564363740029e-05,6.335590215425732e-05,2.1985153053885623e-05,0.4171428571428571,2.2285714285714286,,,
decide_tool,b059f952-553f-4287-892a-0c7efd0636f2,f719658a,2026-02-08T02:05:56,1.1908322158269584,0,incorrect,3.930544228836021e-05,5.6897405651398e-06,2.0343627383567764e-05,1.3272074339652645e-05,1.0915909974517196e-05,,,,,
analyzing_data,b059f952-553f-4287-892a-0c7efd0636f2,0ca1a054,2026-02-08T02:06:24,4.428616747260094,0,NOT_PARSABLE,0.000313024716981,2.83357892655168e-05,0.0002185896193154,6.609930840010445e-05,2.3375901383786475e-05,0.9727272727272728,23.59090909090909,,,
decide_tool,b059f952-553f-4287-892a-0c7efd0636f2,ff1072e0,2026-02-08T02:06:35,1.191944761201739,0,incorrect,3.944447738036506e-05,5.730309629478616e-06,2.0347238496754017e-05,1.3366929254132429e-05,1.094429800348078e-05,,,,,
decide_tool,1f6670de-c07a-48b5-9a82-f50aeeea6db6,81d13a0f,2026-02-08T02:07:48,1.1941992579959333,0,incorrect,4.130131801632741e-05,5.730643852924307e-06,2.2203351100813503e-05,1.33673230625896e-05,1.143786449394217e-05,,,,,
lookup_sales_data,1f6670de-c07a-48b5-9a82-f50aeeea6db6,d4a9ea06,2026-02-08T02:08:06,2.2650252780877054,0,incorrect,0.0001463373594463,1.2535010406087666e-05,7.035255627840797e-05,6.344979276182131e-05,2.136682504586736e-05,0.4714285714285714,3.142857142857143,,,
decide_tool,1f6670de-c07a-48b5-9a82-f50aeeea6db6,b9b622ce,2026-02-08T02:08:15,1.1859093247912824,0,incorrect,4.130118923377597e-05,5.684840799079012e-06,2.2354184544326472e-05,1.326216389037048e-05,1.1517783371355043e-05,,,,,
analyzing_data,1f6670de-c07a-48b5-9a82-f50aeeea6db6,26bf65de,2026-02-08T02:08:44,4.837451736908406,0,unclear,0.0003192921243732,2.347596764322285e-05,0.000241060748408,5.475540832202469e-05,2.182877649875287e-05,1.0391304347826087,23.82608695652174,,,
decide_tool,1f6670de-c07a-48b5-9a82-f50aeeea6db6,57e72a2f,2026-02-08T02:08:55,1.193001925945282,0,incorrect,4.143506665387105e-05,5.738594362936188e-06,2.231057339940889e-05,1.3385898891525966e-05,1.1486420998672757e-05,,,,,
decide_tool,1a77d76b-4e45-4ddc-b2e4-ac067efc2ab4,3d66f843,2026-02-08T02:10:15,1.193402054719627,0,incorrect,4.1422928736774346e-05,5.721324236665934e-06,2.23561290013663e-05,1.3345475498742116e-05,1.1479206099730572e-05,,,,,
lookup_sales_data,1a77d76b-4e45-4ddc-b2e4-ac067efc2ab4,7605c0fd,2026-02-08T02:10:33,2.2513049570843577,0,incorrect,0.0001376129286979,1.253412892689112e-05,6.192199398213916e-05,6.315680578894294e-05,2.021541879962688e-05,0.4142857142857143,3.2857142857142856,,,
decide_tool,1a77d76b-4e45-4ddc-b2e4-ac067efc2ab4,db8a89b2,2026-02-08T02:10:43,1.1883653728291392,0,incorrect,4.136517794876227e-05,5.70638549203674e-06,2.234779565668532e-05,1.3310996800040206e-05,1.1511786891173303e-05,,,,,
analyzing_data,1a77d76b-4e45-4ddc-b2e4-ac067efc2ab4,97a9d791,2026-02-08T02:11:11,3.92579187778756,0,unclear,0.0002548936238958,2.011729699326907e-05,0.0001878823725363,4.689395436629033e-05,2.1472842201482355e-05,1.6238095238095238,21.142857142857142,,,
decide_tool,1a77d76b-4e45-4ddc-b2e4-ac067efc2ab4,7462b554,2026-02-08T02:11:22,1.1948035331442952,0,incorrect,4.140138916903969e-05,5.727249167716394e-06,2.231474006464396e-05,1.3359399936679338e-05,1.1459779154798398e-05,,,,,
create_visualization,1a77d76b-4e45-4ddc-b2e4-ac067efc2ab4,e1d80487,2026-02-08T02:11:37,8.001931340899318,0,not_runnable,0.0005604506171468,3.7095497164464026e-05,0.0004368425716947,8.651254828760609e-05,2.3163296372488937e-05,1.4379310344827587,34.62068965517241,,,
decide_tool,1a77d76b-4e45-4ddc-b2e4-ac067efc2ab4,799e21a2,2026-02-08T02:11:46,1.3591066799126563,0,incorrect,5.700175600329067e-05,7.056909769955736e-06,3.3482804568052416e-05,1.6462041665282518e-05,1.387051290418776e-05,,,,,
decide_tool,7adb3f1e-3ada-4faf-9a76-e0beb87a1198,d5b4c5e0,2026-02-08T02:12:54,1.1916102711111307,0,incorrect,4.1458935691489874e-05,5.727372125580415e-06,2.237168457241978e-05,1.3359878993489676e-05,1.150646031376766e-05,,,,,
lookup_sales_data,7adb3f1e-3ada-4faf-9a76-e0beb87a1198,84074950,2026-02-08T02:13:12,1.729490275029093,0,incorrect,7.751694499091163e-05,1.0179069851156796e-05,4.359031265721569e-05,2.374756248253915e-05,1.4823008480387708e-05,0.5941176470588235,3.117647058823529,,,
decide_tool,7adb3f1e-3ada-4faf-9a76-e0beb87a1198,2ee4354c,2026-02-08T02:13:21,1.191574621014297,0,incorrect,4.123620972060785e-05,5.695858458057046e-06,2.2253906685421043e-05,1.3286444577129764e-05,1.1444987637258816e-05,,,,,
analyzing_data,7adb3f1e-3ada-4faf-9a76-e0beb87a1198,2a7acd5a,2026-02-08T02:13:49,4.336750609334558,1,clear,0.0002959170913268,2.757227491144244e-05,0.0002040298854453,6.431493097010794e-05,2.2566459874080115e-05,0.9136363636363636,20.545454545454547,,,
decide_tool,7adb3f1e-3ada-4faf-9a76-e0beb87a1198,0d2ca4b0,2026-02-08T02:14:00,1.1901969481259584,0,incorrect,4.1719267904616336e-05,5.7169916770829786e-06,2.2666962586015416e-05,1.333531364151794e-05,1.1592461957328712e-05,,,,,
decide_tool,6b6152a0-6145-4f5d-9913-6703fc4a863d,8faff087,2026-02-08T02:14:22,1.1964187403209507,0,incorrect,3.951000549120608e-05,5.742146713276037e-06,2.0373627414471684e-05,1.3394231363458352e-05,1.092148555992648e-05,,,,,
lookup_sales_data,6b6152a0-6145-4f5d-9913-6703fc4a863d,c84a7902,2026-02-08T02:14:39,1.7864486617036164,0,incorrect,8.244748577983307e-05,1.0690698337255154e-05,4.6815593002236255e-05,2.494119444034166e-05,1.526316887054132e-05,0.4,0.1470588235294117,,,
decide_tool,6b6152a0-6145-4f5d-9913-6703fc4a863d,2bc87bf3,2026-02-08T02:14:49,1.189877956174314,0,incorrect,3.931338499542516e-05,5.7171561406451645e-06,2.02605717660731e-05,1.3335657088706892e-05,1.0926871946363137e-05,,,,,
analyzing_data,6b6152a0-6145-4f5d-9913-6703fc4a863d,45c581bb,2026-02-08T02:15:16,3.807404621969909,0,NOT_PARSABLE,0.0002473871192423,1.9098168333145545e-05,0.0001837443136594,4.4544637249782686e-05,2.1488489253148965e-05,0.9142857142857144,18.476190476190474,,,
decide_tool,6b6152a0-6145-4f5d-9913-6703fc4a863d,993f75f5,2026-02-08T02:15:28,1.1909747896716,0,incorrect,4.1362685045852274e-05,5.716047527323242e-06,2.2313073401392103e-05,1.333356411713693e-05,1.148587240605331e-05,,,,,
decide_tool,b443800f-abf2-44d8-97c6-8ca576f6f796,6446489a,2026-02-08T02:16:56,1.1924535380676389,0,incorrect,4.118279323532929e-05,5.739252882001348e-06,2.2055850983804248e-05,1.3387689369523692e-05,1.1421737265564706e-05,,,,,
lookup_sales_data,b443800f-abf2-44d8-97c6-8ca576f6f796,bc07d00a,2026-02-08T02:17:13,1.7510295934043825,0,incorrect,8.092492595123607e-05,1.039709207834676e-05,4.627087034947408e-05,2.4256963523415228e-05,1.5284338860719742e-05,0.4235294117647059,3.0294117647058822,,,
decide_tool,b443800f-abf2-44d8-97c6-8ca576f6f796,0fd9907f,2026-02-08T02:17:23,1.1885310732759535,0,incorrect,4.141203227639167e-05,5.7062647782849375e-06,2.239362903111441e-05,1.3312138466992311e-05,1.1523219542450976e-05,,,,,
analyzing_data,b443800f-abf2-44d8-97c6-8ca576f6f796,61b9bbec,2026-02-08T02:17:50,3.341794322244823,0,NOT_PARSABLE,0.0002284654550139,1.668218449965354e-05,0.000156934847773,5.484842274131048e-05,2.260990086923069e-05,0.845,15.95,,,
decide_tool,b443800f-abf2-44d8-97c6-8ca576f6f796,918687bd,2026-02-08T02:18:01,1.1869947090744972,0,incorrect,4.1663780938219017e-05,5.69550854622319e-06,2.268251814996347e-05,1.3285754242032356e-05,1.160827609338664e-05,,,,,
decide_tool,5b4f6ab4-30c7-437a-8b74-d183965a3fe3,8390a653,2026-02-08T02:18:27,1.1928330990485847,0,incorrect,4.135482973787613e-05,5.719914668334858e-06,2.229224005390052e-05,1.3342675015640757e-05,1.1465800699326384e-05,,,,,
lookup_sales_data,5b4f6ab4-30c7-437a-8b74-d183965a3fe3,8548c653,2026-02-08T02:18:45,2.240869711153209,0,incorrect,0.0001566921246696,2.701678418344644e-05,6.664199775485713e-05,6.303334273139222e-05,2.3125354333895693e-05,0.4571428571428571,2.7142857142857144,,,
decide_tool,5b4f6ab4-30c7-437a-8b74-d183965a3fe3,03479d28,2026-02-08T02:18:54,1.191535367630422,0,incorrect,3.941622001292556e-05,5.7069474673740505e-06,2.039696075684105e-05,1.3312311788710456e-05,1.0940215292273204e-05,,,,,
analyzing_data,5b4f6ab4-30c7-437a-8b74-d183965a3fe3,db40f7e6,2026-02-08T02:19:22,3.78284382307902,0,NOT_PARSABLE,0.0002434334236092,1.8852272062658147e-05,0.0001806123667051,4.396878484145014e-05,2.128235231336919e-05,0.9285714285714286,18.476190476190474,,,
decide_tool,5b4f6ab4-30c7-437a-8b74-d183965a3fe3,5490a2b7,2026-02-08T02:19:33,1.190579226706177,0,incorrect,4.17115739615042e-05,5.7249005922737226e-06,2.2632518103193888e-05,1.3354155266036593e-05,1.1586602561145774e-05,,,,,
create_visualization,5b4f6ab4-30c7-437a-8b74-d183965a3fe3,c2937266,2026-02-08T02:19:48,7.556834056042135,0,not_runnable,0.0005313071302984,3.3475382100080784e-05,0.0004197553358054,7.80764123929354e-05,2.325217547651989e-05,1.3214285714285714,36.785714285714285,,,
decide_tool,5b4f6ab4-30c7-437a-8b74-d183965a3fe3,033679c7,2026-02-08T02:19:57,1.347626212053001,0,incorrect,5.857558222248716e-05,6.951739687079172e-06,3.54069727706019e-05,1.6216869764806085e-05,1.437490546577067e-05,,,,,
decide_tool,c0828c7c-98dd-4aa1-9a2c-6bc5b32a7c34,dc53c22f,2026-02-08T02:20:10,1.1930768070742488,0,incorrect,4.151008897666429e-05,5.717418560457321e-06,2.245612908069461e-05,1.3336541335512368e-05,1.1506496082049911e-05,,,,,
lookup_sales_data,c0828c7c-98dd-4aa1-9a2c-6bc5b32a7c34,c8de0a1d,2026-02-08T02:20:27,1.6875869133509696,0,incorrect,7.183108723570524e-05,9.86035809798484e-06,3.896642006395723e-05,2.3004309073763177e-05,1.4076805953209853e-05,0.4176470588235294,2.147058823529412,,,
decide_tool,c0828c7c-98dd-4aa1-9a2c-6bc5b32a7c34,e899af30,2026-02-08T02:20:37,1.1901725153438747,0,incorrect,4.132212344569102e-05,5.6933854287667525e-06,2.234835121583956e-05,1.3280386801084712e-05,1.1482343816151355e-05,,,,,
analyzing_data,c0828c7c-98dd-4aa1-9a2c-6bc5b32a7c34,2af09cf5,2026-02-08T02:21:04,3.86662680702284,1,clear,0.0002399014527418,1.9616547702459056e-05,0.0001745318062944,4.575309874489905e-05,2.0519106861764888e-05,0.8523809523809524,16.857142857142858,,,
decide_tool,c0828c7c-98dd-4aa1-9a2c-6bc5b32a7c34,3ce8abf6,2026-02-08T02:21:16,1.1915865140035748,0,incorrect,4.180456439831157e-05,5.732508709964653e-06,2.269974037716338e-05,1.3372315311183532e-05,1.1602616986851304e-05,,,,,
decide_tool,f43e3e27-537c-4b35-9d57-879422979311,9f945af6,2026-02-08T02:21:34,1.18525212071836,0,incorrect,4.113834820418148e-05,5.662234862382788e-06,2.226807337279979e-05,1.3208039968998898e-05,1.1478732670939771e-05,,,,,
lookup_sales_data,f43e3e27-537c-4b35-9d57-879422979311,97ac8848,2026-02-08T02:21:52,1.7555949818342924,1,correct,7.094535713511303e-05,1.0406236924851931e-05,3.626141790391557e-05,2.427770230634552e-05,1.336464666610954e-05,0.3705882352941176,1.5,,,
decide_tool,f43e3e27-537c-4b35-9d57-879422979311,8bd1e6f5,2026-02-08T02:22:01,1.1841148091480136,0,incorrect,4.141935060552862e-05,5.670429113829076e-06,2.252196246388393e-05,1.3226959027815612e-05,1.156824041700416e-05,,,,,
analyzing_data,f43e3e27-537c-4b35-9d57-879422979311,b4de3989,2026-02-08T02:22:29,4.318568096961826,0,NOT_PARSABLE,0.0003035316713312,2.076852866331337e-05,0.0002188532306348,6.39099120330583e-05,2.324459983621528e-05,0.990909090909091,21.681818181818183,,,
decide_tool,f43e3e27-537c-4b35-9d57-879422979311,feaadc90,2026-02-08T02:22:41,1.1898682010360062,0,incorrect,4.1612880704013536e-05,5.716941692940899e-06,2.25605736048351e-05,1.3335365406237542e-05,1.1566095025219936e-05,,,,,
decide_tool,e7072afc-9ce2-4bd9-9267-82d074962704,5054927c,2026-02-08T02:22:56,1.1922256480902431,0,incorrect,4.141400023863472e-05,5.71392544565492e-06,2.2371684558208926e-05,1.3328390234770875e-05,1.1488056269264289e-05,,,,,
lookup_sales_data,e7072afc-9ce2-4bd9-9267-82d074962704,227103e9,2026-02-08T02:23:14,1.7799540869891644,0,incorrect,7.527257831898333e-05,1.0610480314578202e-05,3.99075319208464e-05,2.475456608355873e-05,1.3985752069934751e-05,0.3794117647058823,2.117647058823529,,,
decide_tool,e7072afc-9ce2-4bd9-9267-82d074962704,8c037fec,2026-02-08T02:23:23,1.186936977785081,0,incorrect,4.137830347667912e-05,5.689361330587417e-06,2.241779570510971e-05,1.3271146440981991e-05,1.1529297700992372e-05,,,,,
analyzing_data,e7072afc-9ce2-4bd9-9267-82d074962704,9de44f24,2026-02-08T02:23:51,4.449089606292546,0,NOT_PARSABLE,0.0003069437026334,2.227140375137598e-05,0.0002180729522365,6.659934664559034e-05,2.2816309948887177e-05,1.018181818181818,22.227272727272727,,,
decide_tool,e7072afc-9ce2-4bd9-9267-82d074962704,50f36057,2026-02-08T02:24:03,1.189402602147311,0,incorrect,4.1656232728831184e-05,5.7161461600723366e-06,2.26064069792642e-05,1.333367958949465e-05,1.158267684192214e-05,,,,,
decide_tool,489a6669-7a05-4452-b3df-b1f3a7b596b2,1b9a6587,2026-02-08T02:24:40,1.193517154082656,0,incorrect,4.186705341240683e-05,5.739011630510454e-06,2.2741129299674867e-05,1.3386912482221508e-05,1.1601163940610991e-05,,,,,
lookup_sales_data,489a6669-7a05-4452-b3df-b1f3a7b596b2,cae4bfe2,2026-02-08T02:24:58,2.247837909962982,0,incorrect,0.0001567120371524,2.701803633693123e-05,6.66578310983823e-05,6.303616971708835e-05,2.305659641794259e-05,0.46,2.257142857142857,,,
decide_tool,489a6669-7a05-4452-b3df-b1f3a7b596b2,89ec15ec,2026-02-08T02:25:08,1.192357529886067,0,incorrect,4.145226460531906e-05,5.695629275093476e-06,2.2470851298805883e-05,1.3285784031419703e-05,1.1497398810448946e-05,,,,,
analyzing_data,489a6669-7a05-4452-b3df-b1f3a7b596b2,3db94ac5,2026-02-08T02:25:36,4.4338472741656005,0,NOT_PARSABLE,0.0002992329106991,2.050158695110168e-05,0.0002136557264762,6.507559727178888e-05,2.2319602738057985e-05,0.9772727272727272,24.13636363636364,,,
decide_tool,489a6669-7a05-4452-b3df-b1f3a7b596b2,27075551,2026-02-08T02:25:47,1.192165797110647,0,incorrect,4.1702039726126267e-05,5.699876914861009e-06,2.2706407058592504e-05,1.3295755752672753e-05,1.1568537872475973e-05,,,,,
decide_tool,fdb4ce0f-0218-4898-842d-966b76f912da,1cc1f568,2026-02-08T02:26:06,1.194000278133899,0,incorrect,4.165726381262727e-05,5.722177177168369e-06,2.2587518074601576e-05,1.3347568560857328e-05,1.1538361611704326e-05,,,,,
lookup_sales_data,fdb4ce0f-0218-4898-842d-966b76f912da,26c4e829,2026-02-08T02:26:24,1.7566694146953523,0,incorrect,7.372961173793598e-05,1.0413219736403452e-05,3.902197566674204e-05,2.429441633479049e-05,1.3880647964133549e-05,0.4088235294117647,0.088235294117647,,,
decide_tool,fdb4ce0f-0218-4898-842d-966b76f912da,675a5bfc,2026-02-08T02:26:33,1.190951729658991,0,incorrect,4.141688608617285e-05,5.720998258596172e-06,2.2350851210717337e-05,1.334503661685934e-05,1.150114600914086e-05,,,,,
analyzing_data,fdb4ce0f-0218-4898-842d-966b76f912da,2691e616,2026-02-08T02:27:01,3.891013088170439,0,NOT_PARSABLE,0.000243879065014,1.979211071852351e-05,0.0001779243090069,4.616264528853612e-05,2.0728585279891272e-05,0.8476190476190476,17.571428571428573,,,
decide_tool,fdb4ce0f-0218-4898-842d-966b76f912da,ebfc2b8d,2026-02-08T02:27:11,1.1882609678432343,0,incorrect,4.182935179869881e-05,5.70556223718344e-06,2.2815018255073483e-05,1.330877130644189e-05,1.1641987696752432e-05,,,,,
decide_tool,c584127a-eaf7-4567-b50e-a8ea78088a12,029cf4be,2026-02-08T02:28:35,1.192542027682066,0,incorrect,3.947471797814403e-05,5.725438645414976e-06,2.0393905209914465e-05,1.3355374122814588e-05,1.0947203098301478e-05,,,,,
lookup_sales_data,c584127a-eaf7-4567-b50e-a8ea78088a12,6eb13dd0,2026-02-08T02:28:53,2.2620499543845654,0,incorrect,0.0001519372482549,2.7156651662294583e-05,6.142088247429456e-05,6.335971411834989e-05,2.221364862919129e-05,0.4057142857142857,3.914285714285714,,,
decide_tool,c584127a-eaf7-4567-b50e-a8ea78088a12,5745d473,2026-02-08T02:29:03,1.1909351088106632,0,incorrect,4.1297828543288416e-05,5.698032701292334e-06,2.230835118410824e-05,1.329144465788785e-05,1.1468244708831252e-05,,,,,
analyzing_data,c584127a-eaf7-4567-b50e-a8ea78088a12,47bd61ad,2026-02-08T02:29:31,4.8913546139374375,0,NOT_PARSABLE,0.0003248613566376,2.362085281253365e-05,0.0002461479746926,5.509252913244483e-05,2.196477389685952e-05,1.056521739130435,21.695652173913043,,,
decide_tool,c584127a-eaf7-4567-b50e-a8ea78088a12,271c1fab,2026-02-08T02:29:43,1.1876741759479046,0,incorrect,4.153829831090156e-05,5.693899834510984e-06,2.256224027519238e-05,1.32821582011982e-05,1.1566693306117077e-05,,,,,
decide_tool,1cf89b82-c08e-4883-b6e5-09e25acee229,2e77f8f0,2026-02-08T02:30:12,1.1933488277718425,0,incorrect,4.142706167652006e-05,5.74134613669239e-06,2.229335116510356e-05,1.3392364374724115e-05,1.1480863486593888e-05,,,,,
lookup_sales_data,1cf89b82-c08e-4883-b6e5-09e25acee229,36cfa88f,2026-02-08T02:30:30,2.3090755697339773,0,incorrect,0.0001542496609271,1.2536511515646171e-05,7.748311754340875e-05,6.423003186808072e-05,2.2092451209112023e-05,0.4714285714285714,4.514285714285714,,,
decide_tool,1cf89b82-c08e-4883-b6e5-09e25acee229,a52e9aba,2026-02-08T02:30:39,1.1894362117163837,0,incorrect,4.167532709587153e-05,5.697572839691422e-06,2.268724036724734e-05,1.3290513888932763e-05,1.158765866612012e-05,,,,,
analyzing_data,1cf89b82-c08e-4883-b6e5-09e25acee229,b327a7d0,2026-02-08T02:31:07,4.322226691059768,0,NOT_PARSABLE,0.0002951998248054,2.074248849127163e-05,0.0002103754460733,6.40818902407773e-05,2.2587407518893043e-05,0.9545454545454546,20.318181818181817,,,
decide_tool,1cf89b82-c08e-4883-b6e5-09e25acee229,018f68e7,2026-02-08T02:31:19,1.188117551151663,0,incorrect,3.990889674389321e-05,5.703966864703387e-06,2.0899738949253788e-05,1.330519092993604e-05,1.110882546979737e-05,,,,,
decide_tool,16b3f5e9-d2aa-41b5-860e-e4d1b65ee11b,84d0fb84,2026-02-08T02:31:51,1.1972142178565264,0,incorrect,4.20193683922248e-05,5.774201702605949e-06,2.277640711412232e-05,1.3468759575496533e-05,1.1607414336274748e-05,,,,,
lookup_sales_data,16b3f5e9-d2aa-41b5-860e-e4d1b65ee11b,16d2a2b2,2026-02-08T02:32:09,2.2905741464346647,0,incorrect,0.0001373584147459,1.2558096790865374e-05,6.0751993046892494e-05,6.404832490823335e-05,1.9832102042482587e-05,0.4371428571428571,2.3714285714285714,,,
decide_tool,16b3f5e9-d2aa-41b5-860e-e4d1b65ee11b,faf6fc2e,2026-02-08T02:32:18,1.1921460209414363,0,incorrect,4.135513333604551e-05,5.709130935950089e-06,2.232946231117694e-05,1.3316540088918476e-05,1.1472493089252336e-05,,,,,
analyzing_data,16b3f5e9-d2aa-41b5-860e-e4d1b65ee11b,c46ac8fb,2026-02-08T02:32:47,4.913937273900956,0,NOT_PARSABLE,0.0003319654816521,2.406920573113124e-05,0.0002517538125061,5.61424634147746e-05,2.234195392442696e-05,1.056521739130435,25.782608695652176,,,
decide_tool,16b3f5e9-d2aa-41b5-860e-e4d1b65ee11b,016495ab,2026-02-08T02:32:58,1.2086910791695118,0,incorrect,4.1806425888782695e-05,5.738472994209996e-06,2.268224036328093e-05,1.3385712531291778e-05,1.143893406294215e-05,,,,,
create_visualization,16b3f5e9-d2aa-41b5-860e-e4d1b65ee11b,2dc42da2,2026-02-08T02:33:13,7.505015363916755,0,not_runnable,0.0005563425281322,3.314822795117418e-05,0.0004266320079793,9.656229220175495e-05,2.451593758268056e-05,1.3678571428571429,34.642857142857146,,,
decide_tool,16b3f5e9-d2aa-41b5-860e-e4d1b65ee11b,17d95f4a,2026-02-08T02:33:22,1.3357509360648692,0,incorrect,5.6938615480292914e-05,6.933842735209813e-06,3.3829749291669486e-05,1.6175023453413613e-05,1.4097407327960895e-05,,,,,
decide_tool,e9313720-57eb-489d-a12a-53f33ec33960,6b40ed61,2026-02-08T02:34:25,1.1887693861499429,0,incorrect,3.9544957017172845e-05,5.707559002259335e-06,2.052390529883041e-05,1.3313492716083096e-05,1.100148544131147e-05,,,,,
lookup_sales_data,e9313720-57eb-489d-a12a-53f33ec33960,b1f37746,2026-02-08T02:34:43,2.3146134251728654,0,incorrect,0.0001425908635873,1.2568969188964985e-05,6.54811635030228e-05,6.454073089537108e-05,2.0373754299970083e-05,0.4428571428571428,2.914285714285714,,,
decide_tool,e9313720-57eb-489d-a12a-53f33ec33960,5307f226,2026-02-08T02:34:53,1.1890696971677244,0,incorrect,4.168482252269368e-05,5.706380444403068e-06,2.26675181309588e-05,1.3310923947331809e-05,1.1593871383567544e-05,,,,,
analyzing_data,e9313720-57eb-489d-a12a-53f33ec33960,f6b24085,2026-02-08T02:35:20,3.8293586340732872,1,clear,0.0002302072626409,1.924099775007343e-05,0.0001660842995363,4.4881965354498887e-05,1.9881576201468884e-05,0.8047619047619048,17.238095238095237,,,
decide_tool,e9313720-57eb-489d-a12a-53f33ec33960,c49e523a,2026-02-08T02:35:31,1.1980979032814505,0,incorrect,4.172766570502108e-05,5.788048133452319e-06,2.243807350765792e-05,1.3501544063910845e-05,1.1518332607741258e-05,,,,,
decide_tool,e9344716-253c-476e-b499-dbf5789f2f3c,19812cf8,2026-02-08T02:35:43,1.1952829817309976,0,incorrect,4.147470758880552e-05,5.708461442029157e-06,2.245057351757396e-05,1.3315672629202406e-05,1.1475468616218878e-05,,,,,
lookup_sales_data,e9344716-253c-476e-b499-dbf5789f2f3c,5b8ba01b,2026-02-08T02:36:01,1.7605575514025986,0,incorrect,7.631160975711318e-05,1.0408421718827976e-05,4.162058884560338e-05,2.4282599192681822e-05,1.4335017299233803e-05,0.4,1.8235294117647056,,,
decide_tool,e9344716-253c-476e-b499-dbf5789f2f3c,53e7f129,2026-02-08T02:36:10,1.191594807896763,0,incorrect,4.156024204812007e-05,5.709270772058516e-06,2.253335136259693e-05,1.331761991346462e-05,1.1534726434340912e-05,,,,,
analyzing_data,e9344716-253c-476e-b499-dbf5789f2f3c,07889b77,2026-02-08T02:36:39,4.954405495896936,1,clear,0.0003316712693979,2.4303531364002248e-05,0.0002506782561013,5.668948193261814e-05,2.2139822621221568e-05,1.0391304347826087,27.43478260869565,,,
decide_tool,e9344716-253c-476e-b499-dbf5789f2f3c,3216d371,2026-02-08T02:36:50,1.1879732301458716,0,incorrect,4.15227267268269e-05,5.703466010077966e-06,2.251529579666567e-05,1.3303964920083267e-05,1.1559446618133427e-05,,,,,
decide_tool,990d2704-d086-48c3-a9e0-1f3cb5b91825,4ad73d9b,2026-02-08T02:37:14,1.191483937203884,0,incorrect,4.138334214322375e-05,5.703038330410918e-06,2.23766845763862e-05,1.3303619236426636e-05,1.1486697990273217e-05,,,,,
lookup_sales_data,990d2704-d086-48c3-a9e0-1f3cb5b91825,5e68541e,2026-02-08T02:37:32,2.301390913780778,0,incorrect,0.0001542493540923,2.743148540989046e-05,6.281616136760704e-05,6.40017073148758e-05,2.216617680258245e-05,0.4371428571428571,3.5142857142857142,,,
decide_tool,990d2704-d086-48c3-a9e0-1f3cb5b91825,6ba2bd55,2026-02-08T02:37:41,1.1899545537307858,0,incorrect,4.151966718552531e-05,5.713602392203367e-06,2.2478351311860933e-05,1.332771348146101e-05,1.1539349338352224e-05,,,,,
analyzing_data,990d2704-d086-48c3-a9e0-1f3cb5b91825,4429f830,2026-02-08T02:38:09,3.916995656210929,0,NOT_PARSABLE,0.0002548057197584,2.0002928847542944e-05,0.0001881468171873,4.665597372352043e-05,2.151364091850626e-05,0.919047619047619,20.666666666666668,,,
decide_tool,990d2704-d086-48c3-a9e0-1f3cb5b91825,e3a73325,2026-02-08T02:38:20,1.1892183739691973,0,incorrect,4.20589407109982e-05,5.714509906882913e-06,2.3014462854575868e-05,1.3329967949539424e-05,1.1696463037006682e-05,,,,,
decide_tool,6e0b3da8-d5ca-47bb-8a19-ed380b6de108,ceb02e3a,2026-02-08T02:40:49,1.1911203288473189,0,incorrect,4.167581641008206e-05,5.731170201518882e-06,2.2575851396311464e-05,1.3368794812251713e-05,1.1571410811909882e-05,,,,,
lookup_sales_data,6e0b3da8-d5ca-47bb-8a19-ed380b6de108,65b586eb,2026-02-08T02:41:07,2.286302397027612,0,incorrect,0.0001605777619839,2.7377541006797364e-05,6.932616657451263e-05,6.387405440263037e-05,2.3227879372757984e-05,0.4457142857142857,3.171428571428572,,,
decide_tool,6e0b3da8-d5ca-47bb-8a19-ed380b6de108,9a3a7e08,2026-02-08T02:41:17,1.1869344050064683,0,incorrect,4.130021225912136e-05,5.692335532512515e-06,2.232974008364863e-05,1.3278136642960212e-05,1.1507563973459566e-05,,,,,
analyzing_data,6e0b3da8-d5ca-47bb-8a19-ed380b6de108,617dbd16,2026-02-08T02:41:45,4.479881952051073,0,NOT_PARSABLE,0.0003164075698095,2.875214712888804e-05,0.0002205896209233,6.706580175733608e-05,2.335813304731366e-05,0.9727272727272728,21.40909090909091,,,
decide_tool,6e0b3da8-d5ca-47bb-8a19-ed380b6de108,160f508a,2026-02-08T02:41:57,1.1940712607465684,0,incorrect,4.1758926750823424e-05,5.748506725969143e-06,2.260140696819235e-05,1.3409013056661934e-05,1.1565832954177404e-05,,,,,
create_visualization,6e0b3da8-d5ca-47bb-8a19-ed380b6de108,229817f0,2026-02-08T02:42:12,7.996738065965474,0,not_runnable,0.0005618342350221,3.71593257397233e-05,0.0004380078504055,8.666705887687083e-05,2.323556092563297e-05,1.2862068965517242,33.55172413793103,,,
decide_tool,6e0b3da8-d5ca-47bb-8a19-ed380b6de108,0d2b385c,2026-02-08T02:42:21,1.343069865833968,0,incorrect,5.890839931633612e-05,6.990164013889929e-06,3.561169515364781e-05,1.6306540148798376e-05,1.4505625135891814e-05,,,,,
